Project,Observation Year,Observation Month/Day,Location,Species,Fish Count,Fish Count.1, CASE  WHEN Count Type = 'Counted Live' THEN 'Counted' ELSE Count Type END,Method
Kuskokwim River Sonar,2018,06/01,Kuskokwim River Sonar,Chinook,0.0,0.0,Calculated,Sonar
Kuskokwim River Sonar,2018,06/02,Kuskokwim River Sonar,Chinook,227.0,227.0,Calculated,Sonar
Kuskokwim River Sonar,2018,06/03,Kuskokwim River Sonar,Chinook,585.0,585.0,Calculated,Sonar
Kuskokwim River Sonar,2018,06/04,Kuskokwim River Sonar,Chinook,204.0,204.0,Calculated,Sonar
Kuskokwim River Sonar,2018,06/05,Kuskokwim River Sonar,Chinook,410.0,410.0,Calculated,Sonar
Kuskokwim River Sonar,2018,06/06,Kuskokwim River Sonar,Chinook,605.0,605.0,Calculated,Sonar
Kuskokwim River Sonar,2018,06/07,Kuskokwim River Sonar,Chinook,502.0,502.0,Calculated,Sonar
Kuskokwim River Sonar,2018,06/08,Kuskokwim River Sonar,Chinook,564.0,564.0,Calculated,Sonar
Kuskokwim River Sonar,2018,06/09,Kuskokwim River Sonar,Chinook,779.0,779.0,Calculated,Sonar
Kuskokwim River Sonar,2018,06/10,Kuskokwim River Sonar,Chinook,963.0,963.0,Calculated,Sonar
Kuskokwim River Sonar,2018,06/11,Kuskokwim River Sonar,Chinook,1309.0,1309.0,Calculated,Sonar
Kuskokwim River Sonar,2018,06/12,Kuskokwim River Sonar,Chinook,940.0,940.0,Calculated,Sonar
Kuskokwim River Sonar,2018,06/13,Kuskokwim River Sonar,Chinook,1897.0,1897.0,Calculated,Sonar
Kuskokwim River Sonar,2018,06/14,Kuskokwim River Sonar,Chinook,2398.0,2398.0,Calculated,Sonar
Kuskokwim River Sonar,2018,06/15,Kuskokwim River Sonar,Chinook,2954.0,2954.0,Calculated,Sonar
Kuskokwim River Sonar,2018,06/16,Kuskokwim River Sonar,Chinook,3452.0,3452.0,Calculated,Sonar
Kuskokwim River Sonar,2018,06/17,Kuskokwim River Sonar,Chinook,5140.0,5140.0,Calculated,Sonar
Kuskokwim River Sonar,2018,06/18,Kuskokwim River Sonar,Chinook,3388.0,3388.0,Calculated,Sonar
Kuskokwim River Sonar,2018,06/19,Kuskokwim River Sonar,Chinook,1671.0,1671.0,Calculated,Sonar
Kuskokwim River Sonar,2018,06/20,Kuskokwim River Sonar,Chinook,2616.0,2616.0,Calculated,Sonar
Kuskokwim River Sonar,2018,06/21,Kuskokwim River Sonar,Chinook,1916.0,1916.0,Calculated,Sonar
Kuskokwim River Sonar,2018,06/22,Kuskokwim River Sonar,Chinook,5298.0,5298.0,Calculated,Sonar
Kuskokwim River Sonar,2018,06/23,Kuskokwim River Sonar,Chinook,7910.0,7910.0,Calculated,Sonar
Kuskokwim River Sonar,2018,06/24,Kuskokwim River Sonar,Chinook,9450.0,9450.0,Calculated,Sonar
Kuskokwim River Sonar,2018,06/25,Kuskokwim River Sonar,Chinook,9216.0,9216.0,Calculated,Sonar
Kuskokwim River Sonar,2018,06/26,Kuskokwim River Sonar,Chinook,4856.0,4856.0,Calculated,Sonar
Kuskokwim River Sonar,2018,06/27,Kuskokwim River Sonar,Chinook,8546.0,8546.0,Calculated,Sonar
Kuskokwim River Sonar,2018,06/28,Kuskokwim River Sonar,Chinook,7276.0,7276.0,Calculated,Sonar
Kuskokwim River Sonar,2018,06/29,Kuskokwim River Sonar,Chinook,6848.0,6848.0,Calculated,Sonar
Kuskokwim River Sonar,2018,06/30,Kuskokwim River Sonar,Chinook,5448.0,5448.0,Calculated,Sonar
Kuskokwim River Sonar,2018,07/01,Kuskokwim River Sonar,Chinook,6682.0,6682.0,Calculated,Sonar
Kuskokwim River Sonar,2018,07/02,Kuskokwim River Sonar,Chinook,3759.0,3759.0,Calculated,Sonar
Kuskokwim River Sonar,2018,07/03,Kuskokwim River Sonar,Chinook,3123.0,3123.0,Calculated,Sonar
Kuskokwim River Sonar,2018,07/04,Kuskokwim River Sonar,Chinook,3623.0,3623.0,Calculated,Sonar
Kuskokwim River Sonar,2018,07/05,Kuskokwim River Sonar,Chinook,1748.0,1748.0,Calculated,Sonar
Kuskokwim River Sonar,2018,07/06,Kuskokwim River Sonar,Chinook,2287.0,2287.0,Calculated,Sonar
Kuskokwim River Sonar,2018,07/07,Kuskokwim River Sonar,Chinook,2772.0,2772.0,Calculated,Sonar
Kuskokwim River Sonar,2018,07/08,Kuskokwim River Sonar,Chinook,1024.0,1024.0,Calculated,Sonar
Kuskokwim River Sonar,2018,07/09,Kuskokwim River Sonar,Chinook,2427.0,2427.0,Calculated,Sonar
Kuskokwim River Sonar,2018,07/10,Kuskokwim River Sonar,Chinook,420.0,420.0,Calculated,Sonar
Kuskokwim River Sonar,2018,07/11,Kuskokwim River Sonar,Chinook,0.0,0.0,Calculated,Sonar
Kuskokwim River Sonar,2018,07/12,Kuskokwim River Sonar,Chinook,1731.0,1731.0,Calculated,Sonar
Kuskokwim River Sonar,2018,07/13,Kuskokwim River Sonar,Chinook,1042.0,1042.0,Calculated,Sonar
Kuskokwim River Sonar,2018,07/14,Kuskokwim River Sonar,Chinook,470.0,470.0,Calculated,Sonar
Kuskokwim River Sonar,2018,07/15,Kuskokwim River Sonar,Chinook,1008.0,1008.0,Calculated,Sonar
Kuskokwim River Sonar,2018,07/16,Kuskokwim River Sonar,Chinook,0.0,0.0,Calculated,Sonar
Kuskokwim River Sonar,2018,07/17,Kuskokwim River Sonar,Chinook,0.0,0.0,Calculated,Sonar
Kuskokwim River Sonar,2018,07/18,Kuskokwim River Sonar,Chinook,1190.0,1190.0,Calculated,Sonar
Kuskokwim River Sonar,2018,07/19,Kuskokwim River Sonar,Chinook,0.0,0.0,Calculated,Sonar
Kuskokwim River Sonar,2018,07/20,Kuskokwim River Sonar,Chinook,428.0,428.0,Calculated,Sonar
Kuskokwim River Sonar,2018,07/21,Kuskokwim River Sonar,Chinook,0.0,0.0,Calculated,Sonar
Kuskokwim River Sonar,2018,07/22,Kuskokwim River Sonar,Chinook,0.0,0.0,Calculated,Sonar
Kuskokwim River Sonar,2018,07/23,Kuskokwim River Sonar,Chinook,0.0,0.0,Calculated,Sonar
Kuskokwim River Sonar,2018,07/24,Kuskokwim River Sonar,Chinook,0.0,0.0,Calculated,Sonar
Kuskokwim River Sonar,2018,07/25,Kuskokwim River Sonar,Chinook,336.0,336.0,Calculated,Sonar
Kuskokwim River Sonar,2018,07/26,Kuskokwim River Sonar,Chinook,1533.0,1533.0,Calculated,Sonar
Kuskokwim River Sonar,2019,05/31,Kuskokwim River Sonar,Chinook,784.0,784.0,Calculated,Sonar
Kuskokwim River Sonar,2019,06/01,Kuskokwim River Sonar,Chinook,788.0,788.0,Calculated,Sonar
Kuskokwim River Sonar,2019,06/02,Kuskokwim River Sonar,Chinook,0.0,0.0,Calculated,Sonar
Kuskokwim River Sonar,2019,06/03,Kuskokwim River Sonar,Chinook,0.0,0.0,Calculated,Sonar
Kuskokwim River Sonar,2019,06/04,Kuskokwim River Sonar,Chinook,1124.0,1124.0,Calculated,Sonar
Kuskokwim River Sonar,2019,06/05,Kuskokwim River Sonar,Chinook,869.0,869.0,Calculated,Sonar
Kuskokwim River Sonar,2019,06/06,Kuskokwim River Sonar,Chinook,3567.0,3567.0,Calculated,Sonar
Kuskokwim River Sonar,2019,06/07,Kuskokwim River Sonar,Chinook,4078.0,4078.0,Calculated,Sonar
Kuskokwim River Sonar,2019,06/08,Kuskokwim River Sonar,Chinook,2514.0,2514.0,Calculated,Sonar
Kuskokwim River Sonar,2019,06/09,Kuskokwim River Sonar,Chinook,3055.0,3055.0,Calculated,Sonar
Kuskokwim River Sonar,2019,06/10,Kuskokwim River Sonar,Chinook,7158.0,7158.0,Calculated,Sonar
Kuskokwim River Sonar,2019,06/11,Kuskokwim River Sonar,Chinook,4737.0,4737.0,Calculated,Sonar
Kuskokwim River Sonar,2019,06/12,Kuskokwim River Sonar,Chinook,2097.0,2097.0,Calculated,Sonar
Kuskokwim River Sonar,2019,06/13,Kuskokwim River Sonar,Chinook,3247.0,3247.0,Calculated,Sonar
Kuskokwim River Sonar,2019,06/14,Kuskokwim River Sonar,Chinook,4082.0,4082.0,Calculated,Sonar
Kuskokwim River Sonar,2019,06/15,Kuskokwim River Sonar,Chinook,1705.0,1705.0,Calculated,Sonar
Kuskokwim River Sonar,2019,06/16,Kuskokwim River Sonar,Chinook,4277.0,4277.0,Calculated,Sonar
Kuskokwim River Sonar,2019,06/17,Kuskokwim River Sonar,Chinook,6565.0,6565.0,Calculated,Sonar
Kuskokwim River Sonar,2019,06/18,Kuskokwim River Sonar,Chinook,2833.0,2833.0,Calculated,Sonar
Kuskokwim River Sonar,2019,06/19,Kuskokwim River Sonar,Chinook,5588.0,5588.0,Calculated,Sonar
Kuskokwim River Sonar,2019,06/20,Kuskokwim River Sonar,Chinook,5182.0,5182.0,Calculated,Sonar
Kuskokwim River Sonar,2019,06/21,Kuskokwim River Sonar,Chinook,10877.0,10877.0,Calculated,Sonar
Kuskokwim River Sonar,2019,06/22,Kuskokwim River Sonar,Chinook,12770.0,12770.0,Calculated,Sonar
Kuskokwim River Sonar,2019,06/23,Kuskokwim River Sonar,Chinook,6844.0,6844.0,Calculated,Sonar
Kuskokwim River Sonar,2019,06/24,Kuskokwim River Sonar,Chinook,5784.0,5784.0,Calculated,Sonar
Kuskokwim River Sonar,2019,06/25,Kuskokwim River Sonar,Chinook,3766.0,3766.0,Calculated,Sonar
Kuskokwim River Sonar,2019,06/26,Kuskokwim River Sonar,Chinook,5859.0,5859.0,Calculated,Sonar
Kuskokwim River Sonar,2019,06/27,Kuskokwim River Sonar,Chinook,6375.0,6375.0,Calculated,Sonar
Kuskokwim River Sonar,2019,06/28,Kuskokwim River Sonar,Chinook,7560.0,7560.0,Calculated,Sonar
Kuskokwim River Sonar,2019,06/29,Kuskokwim River Sonar,Chinook,7844.0,7844.0,Calculated,Sonar
Kuskokwim River Sonar,2019,06/30,Kuskokwim River Sonar,Chinook,0.0,0.0,Calculated,Sonar
Kuskokwim River Sonar,2019,07/01,Kuskokwim River Sonar,Chinook,4319.0,4319.0,Calculated,Sonar
Kuskokwim River Sonar,2019,07/02,Kuskokwim River Sonar,Chinook,1988.0,1988.0,Calculated,Sonar
Kuskokwim River Sonar,2019,07/03,Kuskokwim River Sonar,Chinook,4505.0,4505.0,Calculated,Sonar
Kuskokwim River Sonar,2019,07/04,Kuskokwim River Sonar,Chinook,3624.0,3624.0,Calculated,Sonar
Kuskokwim River Sonar,2019,07/05,Kuskokwim River Sonar,Chinook,502.0,502.0,Calculated,Sonar
Kuskokwim River Sonar,2019,07/06,Kuskokwim River Sonar,Chinook,796.0,796.0,Calculated,Sonar
Kuskokwim River Sonar,2019,07/07,Kuskokwim River Sonar,Chinook,932.0,932.0,Calculated,Sonar
Kuskokwim River Sonar,2019,07/08,Kuskokwim River Sonar,Chinook,625.0,625.0,Calculated,Sonar
Kuskokwim River Sonar,2019,07/09,Kuskokwim River Sonar,Chinook,1460.0,1460.0,Calculated,Sonar
Kuskokwim River Sonar,2019,07/10,Kuskokwim River Sonar,Chinook,1964.0,1964.0,Calculated,Sonar
Kuskokwim River Sonar,2019,07/11,Kuskokwim River Sonar,Chinook,0.0,0.0,Calculated,Sonar
Kuskokwim River Sonar,2019,07/12,Kuskokwim River Sonar,Chinook,520.0,520.0,Calculated,Sonar
Kuskokwim River Sonar,2019,07/13,Kuskokwim River Sonar,Chinook,3436.0,3436.0,Calculated,Sonar
Kuskokwim River Sonar,2019,07/14,Kuskokwim River Sonar,Chinook,3031.0,3031.0,Calculated,Sonar
Kuskokwim River Sonar,2019,07/15,Kuskokwim River Sonar,Chinook,0.0,0.0,Calculated,Sonar
Kuskokwim River Sonar,2019,07/16,Kuskokwim River Sonar,Chinook,0.0,0.0,Calculated,Sonar
Kuskokwim River Sonar,2019,07/17,Kuskokwim River Sonar,Chinook,769.0,769.0,Calculated,Sonar
Kuskokwim River Sonar,2019,07/18,Kuskokwim River Sonar,Chinook,0.0,0.0,Calculated,Sonar
Kuskokwim River Sonar,2019,07/19,Kuskokwim River Sonar,Chinook,0.0,0.0,Calculated,Sonar
Kuskokwim River Sonar,2019,07/20,Kuskokwim River Sonar,Chinook,0.0,0.0,Calculated,Sonar
Kuskokwim River Sonar,2019,07/21,Kuskokwim River Sonar,Chinook,443.0,443.0,Calculated,Sonar
Kuskokwim River Sonar,2019,07/22,Kuskokwim River Sonar,Chinook,0.0,0.0,Calculated,Sonar
Kuskokwim River Sonar,2019,07/23,Kuskokwim River Sonar,Chinook,563.0,563.0,Calculated,Sonar
Kuskokwim River Sonar,2019,07/24,Kuskokwim River Sonar,Chinook,520.0,520.0,Calculated,Sonar
Kuskokwim River Sonar,2019,07/25,Kuskokwim River Sonar,Chinook,0.0,0.0,Calculated,Sonar
Kuskokwim River Sonar,2019,07/26,Kuskokwim River Sonar,Chinook,746.0,746.0,Calculated,Sonar
Kuskokwim River Sonar,2020,06/01,Kuskokwim River Sonar,Chinook,,,No Data,Sonar
Kuskokwim River Sonar,2020,06/02,Kuskokwim River Sonar,Chinook,,,No Data,Sonar
Kuskokwim River Sonar,2020,06/03,Kuskokwim River Sonar,Chinook,0.0,0.0,Calculated,Sonar
Kuskokwim River Sonar,2020,06/04,Kuskokwim River Sonar,Chinook,0.0,0.0,Calculated,Sonar
Kuskokwim River Sonar,2020,06/05,Kuskokwim River Sonar,Chinook,815.0,815.0,Calculated,Sonar
Kuskokwim River Sonar,2020,06/06,Kuskokwim River Sonar,Chinook,677.0,677.0,Calculated,Sonar
Kuskokwim River Sonar,2020,06/07,Kuskokwim River Sonar,Chinook,375.0,375.0,Calculated,Sonar
Kuskokwim River Sonar,2020,06/08,Kuskokwim River Sonar,Chinook,984.0,984.0,Calculated,Sonar
Kuskokwim River Sonar,2020,06/09,Kuskokwim River Sonar,Chinook,1190.0,1190.0,Calculated,Sonar
Kuskokwim River Sonar,2020,06/10,Kuskokwim River Sonar,Chinook,1089.0,1089.0,Calculated,Sonar
Kuskokwim River Sonar,2020,06/11,Kuskokwim River Sonar,Chinook,1300.0,1300.0,Calculated,Sonar
Kuskokwim River Sonar,2020,06/12,Kuskokwim River Sonar,Chinook,2059.0,2059.0,Calculated,Sonar
Kuskokwim River Sonar,2020,06/13,Kuskokwim River Sonar,Chinook,464.0,464.0,Calculated,Sonar
Kuskokwim River Sonar,2020,06/14,Kuskokwim River Sonar,Chinook,342.0,342.0,Calculated,Sonar
Kuskokwim River Sonar,2020,06/15,Kuskokwim River Sonar,Chinook,2637.0,2637.0,Calculated,Sonar
Kuskokwim River Sonar,2020,06/16,Kuskokwim River Sonar,Chinook,894.0,894.0,Calculated,Sonar
Kuskokwim River Sonar,2020,06/17,Kuskokwim River Sonar,Chinook,993.0,993.0,Calculated,Sonar
Kuskokwim River Sonar,2020,06/18,Kuskokwim River Sonar,Chinook,2355.0,2355.0,Calculated,Sonar
Kuskokwim River Sonar,2020,06/19,Kuskokwim River Sonar,Chinook,2691.0,2691.0,Calculated,Sonar
Kuskokwim River Sonar,2020,06/20,Kuskokwim River Sonar,Chinook,2005.0,2005.0,Calculated,Sonar
Kuskokwim River Sonar,2020,06/21,Kuskokwim River Sonar,Chinook,2073.0,2073.0,Calculated,Sonar
Kuskokwim River Sonar,2020,06/22,Kuskokwim River Sonar,Chinook,2605.0,2605.0,Calculated,Sonar
Kuskokwim River Sonar,2020,06/23,Kuskokwim River Sonar,Chinook,2840.0,2840.0,Calculated,Sonar
Kuskokwim River Sonar,2020,06/24,Kuskokwim River Sonar,Chinook,2620.0,2620.0,Calculated,Sonar
Kuskokwim River Sonar,2020,06/25,Kuskokwim River Sonar,Chinook,2935.0,2935.0,Calculated,Sonar
Kuskokwim River Sonar,2020,06/26,Kuskokwim River Sonar,Chinook,4243.0,4243.0,Calculated,Sonar
Kuskokwim River Sonar,2020,06/27,Kuskokwim River Sonar,Chinook,3161.0,3161.0,Calculated,Sonar
Kuskokwim River Sonar,2020,06/28,Kuskokwim River Sonar,Chinook,1337.0,1337.0,Calculated,Sonar
Kuskokwim River Sonar,2020,06/29,Kuskokwim River Sonar,Chinook,6626.0,6626.0,Calculated,Sonar
Kuskokwim River Sonar,2020,06/30,Kuskokwim River Sonar,Chinook,7657.0,7657.0,Calculated,Sonar
Kuskokwim River Sonar,2020,07/01,Kuskokwim River Sonar,Chinook,4433.0,4433.0,Calculated,Sonar
Kuskokwim River Sonar,2020,07/02,Kuskokwim River Sonar,Chinook,5018.0,5018.0,Calculated,Sonar
Kuskokwim River Sonar,2020,07/03,Kuskokwim River Sonar,Chinook,3038.0,3038.0,Calculated,Sonar
Kuskokwim River Sonar,2020,07/04,Kuskokwim River Sonar,Chinook,1706.0,1706.0,Calculated,Sonar
Kuskokwim River Sonar,2020,07/05,Kuskokwim River Sonar,Chinook,2212.0,2212.0,Calculated,Sonar
Kuskokwim River Sonar,2020,07/06,Kuskokwim River Sonar,Chinook,4554.0,4554.0,Calculated,Sonar
Kuskokwim River Sonar,2020,07/07,Kuskokwim River Sonar,Chinook,5681.0,5681.0,Calculated,Sonar
Kuskokwim River Sonar,2020,07/08,Kuskokwim River Sonar,Chinook,2108.0,2108.0,Calculated,Sonar
Kuskokwim River Sonar,2020,07/09,Kuskokwim River Sonar,Chinook,3357.0,3357.0,Calculated,Sonar
Kuskokwim River Sonar,2020,07/10,Kuskokwim River Sonar,Chinook,3252.0,3252.0,Calculated,Sonar
Kuskokwim River Sonar,2020,07/11,Kuskokwim River Sonar,Chinook,1663.0,1663.0,Calculated,Sonar
Kuskokwim River Sonar,2020,07/12,Kuskokwim River Sonar,Chinook,3557.0,3557.0,Calculated,Sonar
Kuskokwim River Sonar,2020,07/13,Kuskokwim River Sonar,Chinook,0.0,0.0,Calculated,Sonar
Kuskokwim River Sonar,2020,07/14,Kuskokwim River Sonar,Chinook,1638.0,1638.0,Calculated,Sonar
Kuskokwim River Sonar,2020,07/15,Kuskokwim River Sonar,Chinook,2129.0,2129.0,Calculated,Sonar
Kuskokwim River Sonar,2020,07/16,Kuskokwim River Sonar,Chinook,2032.0,2032.0,Calculated,Sonar
Kuskokwim River Sonar,2020,07/17,Kuskokwim River Sonar,Chinook,0.0,0.0,Calculated,Sonar
Kuskokwim River Sonar,2020,07/18,Kuskokwim River Sonar,Chinook,568.0,568.0,Calculated,Sonar
Kuskokwim River Sonar,2020,07/19,Kuskokwim River Sonar,Chinook,447.0,447.0,Calculated,Sonar
Kuskokwim River Sonar,2020,07/20,Kuskokwim River Sonar,Chinook,166.0,166.0,Calculated,Sonar
Kuskokwim River Sonar,2020,07/21,Kuskokwim River Sonar,Chinook,0.0,0.0,Calculated,Sonar
Kuskokwim River Sonar,2020,07/22,Kuskokwim River Sonar,Chinook,0.0,0.0,Calculated,Sonar
Kuskokwim River Sonar,2020,07/23,Kuskokwim River Sonar,Chinook,450.0,450.0,Calculated,Sonar
Kuskokwim River Sonar,2020,07/24,Kuskokwim River Sonar,Chinook,0.0,0.0,Calculated,Sonar
Kuskokwim River Sonar,2020,07/25,Kuskokwim River Sonar,Chinook,0.0,0.0,Calculated,Sonar
Kuskokwim River Sonar,2020,07/26,Kuskokwim River Sonar,Chinook,0.0,0.0,Calculated,Sonar
Kuskokwim River Sonar,2020,07/27,Kuskokwim River Sonar,Chinook,0.0,0.0,Calculated,Sonar
Kuskokwim River Sonar,2020,07/28,Kuskokwim River Sonar,Chinook,0.0,0.0,Calculated,Sonar
Kuskokwim River Sonar,2020,07/29,Kuskokwim River Sonar,Chinook,189.0,189.0,Calculated,Sonar
Kuskokwim River Sonar,2020,07/30,Kuskokwim River Sonar,Chinook,0.0,0.0,Calculated,Sonar
Kuskokwim River Sonar,2020,07/31,Kuskokwim River Sonar,Chinook,0.0,0.0,Calculated,Sonar
Kuskokwim River Sonar,2020,08/01,Kuskokwim River Sonar,Chinook,0.0,0.0,Calculated,Sonar
Kuskokwim River Sonar,2020,08/02,Kuskokwim River Sonar,Chinook,860.0,860.0,Calculated,Sonar
Kuskokwim River Sonar,2020,08/03,Kuskokwim River Sonar,Chinook,0.0,0.0,Calculated,Sonar
Kuskokwim River Sonar,2020,08/04,Kuskokwim River Sonar,Chinook,0.0,0.0,Calculated,Sonar
Kuskokwim River Sonar,2020,08/05,Kuskokwim River Sonar,Chinook,0.0,0.0,Calculated,Sonar
Kuskokwim River Sonar,2020,08/06,Kuskokwim River Sonar,Chinook,0.0,0.0,Calculated,Sonar
Kuskokwim River Sonar,2020,08/07,Kuskokwim River Sonar,Chinook,322.0,322.0,Calculated,Sonar
Kuskokwim River Sonar,2020,08/08,Kuskokwim River Sonar,Chinook,0.0,0.0,Calculated,Sonar
Kuskokwim River Sonar,2020,08/09,Kuskokwim River Sonar,Chinook,225.0,225.0,Calculated,Sonar
Kuskokwim River Sonar,2020,08/10,Kuskokwim River Sonar,Chinook,0.0,0.0,Calculated,Sonar
Kuskokwim River Sonar,2020,08/11,Kuskokwim River Sonar,Chinook,0.0,0.0,Calculated,Sonar
Kuskokwim River Sonar,2020,08/12,Kuskokwim River Sonar,Chinook,0.0,0.0,Calculated,Sonar
Kuskokwim River Sonar,2020,08/13,Kuskokwim River Sonar,Chinook,0.0,0.0,Calculated,Sonar
Kuskokwim River Sonar,2020,08/14,Kuskokwim River Sonar,Chinook,0.0,0.0,Calculated,Sonar
Kuskokwim River Sonar,2020,08/15,Kuskokwim River Sonar,Chinook,0.0,0.0,Calculated,Sonar
Kuskokwim River Sonar,2020,08/16,Kuskokwim River Sonar,Chinook,0.0,0.0,Calculated,Sonar
Kuskokwim River Sonar,2020,08/17,Kuskokwim River Sonar,Chinook,192.0,192.0,Calculated,Sonar
Kuskokwim River Sonar,2020,08/18,Kuskokwim River Sonar,Chinook,0.0,0.0,Calculated,Sonar
Kuskokwim River Sonar,2020,08/19,Kuskokwim River Sonar,Chinook,0.0,0.0,Calculated,Sonar
Kuskokwim River Sonar,2020,08/20,Kuskokwim River Sonar,Chinook,0.0,0.0,Calculated,Sonar
Kuskokwim River Sonar,2020,08/21,Kuskokwim River Sonar,Chinook,0.0,0.0,Calculated,Sonar
Kuskokwim River Sonar,2020,08/22,Kuskokwim River Sonar,Chinook,0.0,0.0,Calculated,Sonar
Kuskokwim River Sonar,2020,08/23,Kuskokwim River Sonar,Chinook,0.0,0.0,Calculated,Sonar
Kuskokwim River Sonar,2020,08/24,Kuskokwim River Sonar,Chinook,0.0,0.0,Calculated,Sonar
Kuskokwim River Sonar,2020,08/25,Kuskokwim River Sonar,Chinook,0.0,0.0,Calculated,Sonar
Kuskokwim River Sonar,2020,08/26,Kuskokwim River Sonar,Chinook,,,Calculated,Sonar
Kuskokwim River Sonar,2021,06/01,Kuskokwim River Sonar,Chinook,249.0,249.0,Calculated,Sonar
Kuskokwim River Sonar,2021,06/02,Kuskokwim River Sonar,Chinook,261.0,261.0,Calculated,Sonar
Kuskokwim River Sonar,2021,06/03,Kuskokwim River Sonar,Chinook,236.0,236.0,Calculated,Sonar
Kuskokwim River Sonar,2021,06/04,Kuskokwim River Sonar,Chinook,747.0,747.0,Calculated,Sonar
Kuskokwim River Sonar,2021,06/05,Kuskokwim River Sonar,Chinook,993.0,993.0,Calculated,Sonar
Kuskokwim River Sonar,2021,06/06,Kuskokwim River Sonar,Chinook,858.0,858.0,Calculated,Sonar
Kuskokwim River Sonar,2021,06/07,Kuskokwim River Sonar,Chinook,792.0,792.0,Calculated,Sonar
Kuskokwim River Sonar,2021,06/08,Kuskokwim River Sonar,Chinook,950.0,950.0,Calculated,Sonar
Kuskokwim River Sonar,2021,06/09,Kuskokwim River Sonar,Chinook,848.0,848.0,Calculated,Sonar
Kuskokwim River Sonar,2021,06/10,Kuskokwim River Sonar,Chinook,1102.0,1102.0,Calculated,Sonar
Kuskokwim River Sonar,2021,06/11,Kuskokwim River Sonar,Chinook,1626.0,1626.0,Calculated,Sonar
Kuskokwim River Sonar,2021,06/12,Kuskokwim River Sonar,Chinook,1332.0,1332.0,Calculated,Sonar
Kuskokwim River Sonar,2021,06/13,Kuskokwim River Sonar,Chinook,2528.0,2528.0,Calculated,Sonar
Kuskokwim River Sonar,2021,06/14,Kuskokwim River Sonar,Chinook,2667.0,2667.0,Calculated,Sonar
Kuskokwim River Sonar,2021,06/15,Kuskokwim River Sonar,Chinook,2731.0,2731.0,Calculated,Sonar
Kuskokwim River Sonar,2021,06/16,Kuskokwim River Sonar,Chinook,1019.0,1019.0,Calculated,Sonar
Kuskokwim River Sonar,2021,06/17,Kuskokwim River Sonar,Chinook,1700.0,1700.0,Calculated,Sonar
Kuskokwim River Sonar,2021,06/18,Kuskokwim River Sonar,Chinook,1375.0,1375.0,Calculated,Sonar
Kuskokwim River Sonar,2021,06/19,Kuskokwim River Sonar,Chinook,2585.0,2585.0,Calculated,Sonar
Kuskokwim River Sonar,2021,06/20,Kuskokwim River Sonar,Chinook,2745.0,2745.0,Calculated,Sonar
Kuskokwim River Sonar,2021,06/21,Kuskokwim River Sonar,Chinook,2059.0,2059.0,Calculated,Sonar
Kuskokwim River Sonar,2021,06/22,Kuskokwim River Sonar,Chinook,3125.0,3125.0,Calculated,Sonar
Kuskokwim River Sonar,2021,06/23,Kuskokwim River Sonar,Chinook,1476.0,1476.0,Calculated,Sonar
Kuskokwim River Sonar,2021,06/24,Kuskokwim River Sonar,Chinook,3261.0,3261.0,Calculated,Sonar
Kuskokwim River Sonar,2021,06/25,Kuskokwim River Sonar,Chinook,3788.0,3788.0,Calculated,Sonar
Kuskokwim River Sonar,2021,06/26,Kuskokwim River Sonar,Chinook,1459.0,1459.0,Calculated,Sonar
Kuskokwim River Sonar,2021,06/27,Kuskokwim River Sonar,Chinook,4330.0,4330.0,Calculated,Sonar
Kuskokwim River Sonar,2021,06/28,Kuskokwim River Sonar,Chinook,2751.0,2751.0,Calculated,Sonar
Kuskokwim River Sonar,2021,06/29,Kuskokwim River Sonar,Chinook,4219.0,4219.0,Calculated,Sonar
Kuskokwim River Sonar,2021,06/30,Kuskokwim River Sonar,Chinook,2367.0,2367.0,Calculated,Sonar
Kuskokwim River Sonar,2021,07/01,Kuskokwim River Sonar,Chinook,5223.0,5223.0,Calculated,Sonar
Kuskokwim River Sonar,2021,07/02,Kuskokwim River Sonar,Chinook,3101.0,3101.0,Calculated,Sonar
Kuskokwim River Sonar,2021,07/03,Kuskokwim River Sonar,Chinook,3692.0,3692.0,Calculated,Sonar
Kuskokwim River Sonar,2021,07/04,Kuskokwim River Sonar,Chinook,1770.0,1770.0,Calculated,Sonar
Kuskokwim River Sonar,2021,07/05,Kuskokwim River Sonar,Chinook,1500.0,1500.0,Calculated,Sonar
Kuskokwim River Sonar,2021,07/06,Kuskokwim River Sonar,Chinook,2331.0,2331.0,Calculated,Sonar
Kuskokwim River Sonar,2021,07/07,Kuskokwim River Sonar,Chinook,3625.0,3625.0,Calculated,Sonar
Kuskokwim River Sonar,2021,07/08,Kuskokwim River Sonar,Chinook,3647.0,3647.0,Calculated,Sonar
Kuskokwim River Sonar,2021,07/09,Kuskokwim River Sonar,Chinook,3217.0,3217.0,Calculated,Sonar
Kuskokwim River Sonar,2021,07/10,Kuskokwim River Sonar,Chinook,1521.0,1521.0,Calculated,Sonar
Kuskokwim River Sonar,2021,07/11,Kuskokwim River Sonar,Chinook,1716.0,1716.0,Calculated,Sonar
Kuskokwim River Sonar,2021,07/12,Kuskokwim River Sonar,Chinook,1933.0,1933.0,Calculated,Sonar
Kuskokwim River Sonar,2021,07/13,Kuskokwim River Sonar,Chinook,273.0,273.0,Calculated,Sonar
Kuskokwim River Sonar,2021,07/14,Kuskokwim River Sonar,Chinook,0.0,0.0,Calculated,Sonar
Kuskokwim River Sonar,2021,07/15,Kuskokwim River Sonar,Chinook,966.0,966.0,Calculated,Sonar
Kuskokwim River Sonar,2021,07/16,Kuskokwim River Sonar,Chinook,4907.0,4907.0,Calculated,Sonar
Kuskokwim River Sonar,2021,07/17,Kuskokwim River Sonar,Chinook,1585.0,1585.0,Calculated,Sonar
Kuskokwim River Sonar,2021,07/18,Kuskokwim River Sonar,Chinook,947.0,947.0,Calculated,Sonar
Kuskokwim River Sonar,2021,07/19,Kuskokwim River Sonar,Chinook,1078.0,1078.0,Calculated,Sonar
Kuskokwim River Sonar,2021,07/20,Kuskokwim River Sonar,Chinook,1133.0,1133.0,Calculated,Sonar
Kuskokwim River Sonar,2021,07/21,Kuskokwim River Sonar,Chinook,0.0,0.0,Calculated,Sonar
Kuskokwim River Sonar,2021,07/22,Kuskokwim River Sonar,Chinook,0.0,0.0,Calculated,Sonar
Kuskokwim River Sonar,2021,07/23,Kuskokwim River Sonar,Chinook,0.0,0.0,Calculated,Sonar
Kuskokwim River Sonar,2021,07/24,Kuskokwim River Sonar,Chinook,0.0,0.0,Calculated,Sonar
Kuskokwim River Sonar,2021,07/25,Kuskokwim River Sonar,Chinook,736.0,736.0,Calculated,Sonar
Kuskokwim River Sonar,2021,07/26,Kuskokwim River Sonar,Chinook,775.0,775.0,Calculated,Sonar
Kuskokwim River Sonar,2021,07/27,Kuskokwim River Sonar,Chinook,0.0,0.0,Calculated,Sonar
Kuskokwim River Sonar,2021,07/28,Kuskokwim River Sonar,Chinook,161.0,161.0,Calculated,Sonar
Kuskokwim River Sonar,2021,07/29,Kuskokwim River Sonar,Chinook,192.0,192.0,Calculated,Sonar
Kuskokwim River Sonar,2021,07/30,Kuskokwim River Sonar,Chinook,120.0,120.0,Calculated,Sonar
Kuskokwim River Sonar,2021,07/31,Kuskokwim River Sonar,Chinook,221.0,221.0,Calculated,Sonar
Kuskokwim River Sonar,2021,08/01,Kuskokwim River Sonar,Chinook,0.0,0.0,Calculated,Sonar
Kuskokwim River Sonar,2021,08/02,Kuskokwim River Sonar,Chinook,0.0,0.0,Calculated,Sonar
Kuskokwim River Sonar,2021,08/03,Kuskokwim River Sonar,Chinook,0.0,0.0,Calculated,Sonar
Kuskokwim River Sonar,2021,08/04,Kuskokwim River Sonar,Chinook,0.0,0.0,Calculated,Sonar
Kuskokwim River Sonar,2021,08/05,Kuskokwim River Sonar,Chinook,0.0,0.0,Calculated,Sonar
Kuskokwim River Sonar,2021,08/06,Kuskokwim River Sonar,Chinook,0.0,0.0,Calculated,Sonar
Kuskokwim River Sonar,2021,08/07,Kuskokwim River Sonar,Chinook,0.0,0.0,Calculated,Sonar
Kuskokwim River Sonar,2021,08/08,Kuskokwim River Sonar,Chinook,0.0,0.0,Calculated,Sonar
Kuskokwim River Sonar,2021,08/09,Kuskokwim River Sonar,Chinook,0.0,0.0,Calculated,Sonar
Kuskokwim River Sonar,2021,08/10,Kuskokwim River Sonar,Chinook,0.0,0.0,Calculated,Sonar
Kuskokwim River Sonar,2021,08/11,Kuskokwim River Sonar,Chinook,0.0,0.0,Calculated,Sonar
Kuskokwim River Sonar,2021,08/12,Kuskokwim River Sonar,Chinook,0.0,0.0,Calculated,Sonar
Kuskokwim River Sonar,2021,08/13,Kuskokwim River Sonar,Chinook,0.0,0.0,Calculated,Sonar
Kuskokwim River Sonar,2021,08/14,Kuskokwim River Sonar,Chinook,0.0,0.0,Calculated,Sonar
Kuskokwim River Sonar,2021,08/15,Kuskokwim River Sonar,Chinook,0.0,0.0,Calculated,Sonar
Kuskokwim River Sonar,2021,08/16,Kuskokwim River Sonar,Chinook,0.0,0.0,Calculated,Sonar
Kuskokwim River Sonar,2021,08/17,Kuskokwim River Sonar,Chinook,0.0,0.0,Calculated,Sonar
Kuskokwim River Sonar,2021,08/18,Kuskokwim River Sonar,Chinook,0.0,0.0,Calculated,Sonar
Kuskokwim River Sonar,2021,08/19,Kuskokwim River Sonar,Chinook,0.0,0.0,Calculated,Sonar
Kuskokwim River Sonar,2021,08/20,Kuskokwim River Sonar,Chinook,0.0,0.0,Calculated,Sonar
Kuskokwim River Sonar,2021,08/21,Kuskokwim River Sonar,Chinook,0.0,0.0,Calculated,Sonar
Kuskokwim River Sonar,2021,08/22,Kuskokwim River Sonar,Chinook,0.0,0.0,Calculated,Sonar
Kuskokwim River Sonar,2021,08/23,Kuskokwim River Sonar,Chinook,0.0,0.0,Calculated,Sonar
Kuskokwim River Sonar,2021,08/24,Kuskokwim River Sonar,Chinook,0.0,0.0,Calculated,Sonar
Kuskokwim River Sonar,2021,08/25,Kuskokwim River Sonar,Chinook,0.0,0.0,Calculated,Sonar
Kuskokwim River Sonar,2021,08/26,Kuskokwim River Sonar,Chinook,0.0,0.0,Calculated,Sonar
Kuskokwim River Sonar,2022,06/01,Kuskokwim River Sonar,Chinook,,,Calculated,Sonar
Kuskokwim River Sonar,2022,06/02,Kuskokwim River Sonar,Chinook,197.0,197.0,Calculated,Sonar
Kuskokwim River Sonar,2022,06/03,Kuskokwim River Sonar,Chinook,249.0,249.0,Calculated,Sonar
Kuskokwim River Sonar,2022,06/04,Kuskokwim River Sonar,Chinook,0.0,0.0,Calculated,Sonar
Kuskokwim River Sonar,2022,06/05,Kuskokwim River Sonar,Chinook,0.0,0.0,Calculated,Sonar
Kuskokwim River Sonar,2022,06/06,Kuskokwim River Sonar,Chinook,0.0,0.0,Calculated,Sonar
Kuskokwim River Sonar,2022,06/07,Kuskokwim River Sonar,Chinook,1132.0,1132.0,Calculated,Sonar
Kuskokwim River Sonar,2022,06/08,Kuskokwim River Sonar,Chinook,1690.0,1690.0,Calculated,Sonar
Kuskokwim River Sonar,2022,06/09,Kuskokwim River Sonar,Chinook,1721.0,1721.0,Calculated,Sonar
Kuskokwim River Sonar,2022,06/10,Kuskokwim River Sonar,Chinook,2364.0,2364.0,Calculated,Sonar
Kuskokwim River Sonar,2022,06/11,Kuskokwim River Sonar,Chinook,3031.0,3031.0,Calculated,Sonar
Kuskokwim River Sonar,2022,06/12,Kuskokwim River Sonar,Chinook,3215.0,3215.0,Calculated,Sonar
Kuskokwim River Sonar,2022,06/13,Kuskokwim River Sonar,Chinook,1625.0,1625.0,Calculated,Sonar
Kuskokwim River Sonar,2022,06/14,Kuskokwim River Sonar,Chinook,1660.0,1660.0,Calculated,Sonar
Kuskokwim River Sonar,2022,06/15,Kuskokwim River Sonar,Chinook,3450.0,3450.0,Calculated,Sonar
Kuskokwim River Sonar,2022,06/16,Kuskokwim River Sonar,Chinook,2290.0,2290.0,Calculated,Sonar
Kuskokwim River Sonar,2022,06/17,Kuskokwim River Sonar,Chinook,971.0,971.0,Calculated,Sonar
Kuskokwim River Sonar,2022,06/18,Kuskokwim River Sonar,Chinook,2294.0,2294.0,Calculated,Sonar
Kuskokwim River Sonar,2022,06/19,Kuskokwim River Sonar,Chinook,1920.0,1920.0,Calculated,Sonar
Kuskokwim River Sonar,2022,06/20,Kuskokwim River Sonar,Chinook,2382.0,2382.0,Calculated,Sonar
Kuskokwim River Sonar,2022,06/21,Kuskokwim River Sonar,Chinook,5165.0,5165.0,Calculated,Sonar
Kuskokwim River Sonar,2022,06/22,Kuskokwim River Sonar,Chinook,23176.0,23176.0,Calculated,Sonar
Kuskokwim River Sonar,2022,06/23,Kuskokwim River Sonar,Chinook,7103.0,7103.0,Calculated,Sonar
Kuskokwim River Sonar,2022,06/24,Kuskokwim River Sonar,Chinook,5803.0,5803.0,Calculated,Sonar
Kuskokwim River Sonar,2022,06/25,Kuskokwim River Sonar,Chinook,4753.0,4753.0,Calculated,Sonar
Kuskokwim River Sonar,2022,06/26,Kuskokwim River Sonar,Chinook,6248.0,6248.0,Calculated,Sonar
Kuskokwim River Sonar,2022,06/27,Kuskokwim River Sonar,Chinook,5751.0,5751.0,Calculated,Sonar
Kuskokwim River Sonar,2022,06/28,Kuskokwim River Sonar,Chinook,5789.0,5789.0,Calculated,Sonar
Kuskokwim River Sonar,2022,06/29,Kuskokwim River Sonar,Chinook,8644.0,8644.0,Calculated,Sonar
Kuskokwim River Sonar,2022,06/30,Kuskokwim River Sonar,Chinook,885.0,885.0,Calculated,Sonar
Kuskokwim River Sonar,2022,07/01,Kuskokwim River Sonar,Chinook,3395.0,3395.0,Calculated,Sonar
Kuskokwim River Sonar,2022,07/02,Kuskokwim River Sonar,Chinook,2217.0,2217.0,Calculated,Sonar
Kuskokwim River Sonar,2022,07/03,Kuskokwim River Sonar,Chinook,4815.0,4815.0,Calculated,Sonar
Kuskokwim River Sonar,2022,07/04,Kuskokwim River Sonar,Chinook,1234.0,1234.0,Calculated,Sonar
Kuskokwim River Sonar,2022,07/05,Kuskokwim River Sonar,Chinook,1676.0,1676.0,Calculated,Sonar
Kuskokwim River Sonar,2022,07/06,Kuskokwim River Sonar,Chinook,2140.0,2140.0,Calculated,Sonar
Kuskokwim River Sonar,2022,07/07,Kuskokwim River Sonar,Chinook,1782.0,1782.0,Calculated,Sonar
Kuskokwim River Sonar,2022,07/08,Kuskokwim River Sonar,Chinook,958.0,958.0,Calculated,Sonar
Kuskokwim River Sonar,2022,07/09,Kuskokwim River Sonar,Chinook,572.0,572.0,Calculated,Sonar
Kuskokwim River Sonar,2022,07/10,Kuskokwim River Sonar,Chinook,672.0,672.0,Calculated,Sonar
Kuskokwim River Sonar,2022,07/11,Kuskokwim River Sonar,Chinook,1100.0,1100.0,Calculated,Sonar
Kuskokwim River Sonar,2022,07/12,Kuskokwim River Sonar,Chinook,4027.0,4027.0,Calculated,Sonar
Kuskokwim River Sonar,2022,07/13,Kuskokwim River Sonar,Chinook,642.0,642.0,Calculated,Sonar
Kuskokwim River Sonar,2022,07/14,Kuskokwim River Sonar,Chinook,1736.0,1736.0,Calculated,Sonar
Kuskokwim River Sonar,2022,07/15,Kuskokwim River Sonar,Chinook,0.0,0.0,Calculated,Sonar
Kuskokwim River Sonar,2022,07/16,Kuskokwim River Sonar,Chinook,6872.0,6872.0,Calculated,Sonar
Kuskokwim River Sonar,2022,07/17,Kuskokwim River Sonar,Chinook,626.0,626.0,Calculated,Sonar
Kuskokwim River Sonar,2022,07/18,Kuskokwim River Sonar,Chinook,723.0,723.0,Calculated,Sonar
Kuskokwim River Sonar,2022,07/19,Kuskokwim River Sonar,Chinook,159.0,159.0,Calculated,Sonar
Kuskokwim River Sonar,2022,07/20,Kuskokwim River Sonar,Chinook,106.0,106.0,Calculated,Sonar
Kuskokwim River Sonar,2022,07/21,Kuskokwim River Sonar,Chinook,1237.0,1237.0,Calculated,Sonar
Kuskokwim River Sonar,2022,07/22,Kuskokwim River Sonar,Chinook,0.0,0.0,Calculated,Sonar
Kuskokwim River Sonar,2022,07/23,Kuskokwim River Sonar,Chinook,1532.0,1532.0,Calculated,Sonar
Kuskokwim River Sonar,2022,07/24,Kuskokwim River Sonar,Chinook,160.0,160.0,Calculated,Sonar
Kuskokwim River Sonar,2022,07/25,Kuskokwim River Sonar,Chinook,154.0,154.0,Calculated,Sonar
Kuskokwim River Sonar,2022,07/26,Kuskokwim River Sonar,Chinook,0.0,0.0,Calculated,Sonar
Kuskokwim River Sonar,2022,07/27,Kuskokwim River Sonar,Chinook,0.0,0.0,Calculated,Sonar
Kuskokwim River Sonar,2022,07/28,Kuskokwim River Sonar,Chinook,2214.0,2214.0,Calculated,Sonar
Kuskokwim River Sonar,2022,07/29,Kuskokwim River Sonar,Chinook,0.0,0.0,Calculated,Sonar
Kuskokwim River Sonar,2022,07/30,Kuskokwim River Sonar,Chinook,0.0,0.0,Calculated,Sonar
Kuskokwim River Sonar,2022,07/31,Kuskokwim River Sonar,Chinook,402.0,402.0,Calculated,Sonar
Kuskokwim River Sonar,2022,08/01,Kuskokwim River Sonar,Chinook,0.0,0.0,Calculated,Sonar
Kuskokwim River Sonar,2022,08/02,Kuskokwim River Sonar,Chinook,0.0,0.0,Calculated,Sonar
Kuskokwim River Sonar,2022,08/03,Kuskokwim River Sonar,Chinook,0.0,0.0,Calculated,Sonar
Kuskokwim River Sonar,2022,08/04,Kuskokwim River Sonar,Chinook,0.0,0.0,Calculated,Sonar
Kuskokwim River Sonar,2022,08/05,Kuskokwim River Sonar,Chinook,397.0,397.0,Calculated,Sonar
Kuskokwim River Sonar,2022,08/06,Kuskokwim River Sonar,Chinook,451.0,451.0,Calculated,Sonar
Kuskokwim River Sonar,2022,08/07,Kuskokwim River Sonar,Chinook,389.0,389.0,Calculated,Sonar
Kuskokwim River Sonar,2022,08/08,Kuskokwim River Sonar,Chinook,0.0,0.0,Calculated,Sonar
Kuskokwim River Sonar,2022,08/09,Kuskokwim River Sonar,Chinook,0.0,0.0,Calculated,Sonar
Kuskokwim River Sonar,2022,08/10,Kuskokwim River Sonar,Chinook,0.0,0.0,Calculated,Sonar
Kuskokwim River Sonar,2022,08/11,Kuskokwim River Sonar,Chinook,0.0,0.0,Calculated,Sonar
Kuskokwim River Sonar,2022,08/12,Kuskokwim River Sonar,Chinook,0.0,0.0,Calculated,Sonar
Kuskokwim River Sonar,2022,08/13,Kuskokwim River Sonar,Chinook,0.0,0.0,Calculated,Sonar
Kuskokwim River Sonar,2022,08/14,Kuskokwim River Sonar,Chinook,0.0,0.0,Calculated,Sonar
Kuskokwim River Sonar,2022,08/15,Kuskokwim River Sonar,Chinook,0.0,0.0,Calculated,Sonar
Kuskokwim River Sonar,2022,08/16,Kuskokwim River Sonar,Chinook,0.0,0.0,Calculated,Sonar
Kuskokwim River Sonar,2022,08/17,Kuskokwim River Sonar,Chinook,0.0,0.0,Calculated,Sonar
Kuskokwim River Sonar,2022,08/18,Kuskokwim River Sonar,Chinook,0.0,0.0,Calculated,Sonar
Kuskokwim River Sonar,2022,08/19,Kuskokwim River Sonar,Chinook,0.0,0.0,Calculated,Sonar
Kuskokwim River Sonar,2022,08/20,Kuskokwim River Sonar,Chinook,0.0,0.0,Calculated,Sonar
Kuskokwim River Sonar,2022,08/21,Kuskokwim River Sonar,Chinook,0.0,0.0,Calculated,Sonar
Kuskokwim River Sonar,2022,08/22,Kuskokwim River Sonar,Chinook,0.0,0.0,Calculated,Sonar
Kuskokwim River Sonar,2022,08/23,Kuskokwim River Sonar,Chinook,0.0,0.0,Calculated,Sonar
Kuskokwim River Sonar,2022,08/24,Kuskokwim River Sonar,Chinook,0.0,0.0,Calculated,Sonar
Kuskokwim River Sonar,2022,08/25,Kuskokwim River Sonar,Chinook,0.0,0.0,Calculated,Sonar
Kuskokwim River Sonar,2022,08/26,Kuskokwim River Sonar,Chinook,0.0,0.0,Calculated,Sonar
Kuskokwim River Sonar,2023,06/09,Kuskokwim River Sonar,Chinook,280.0,280.0,Calculated,Sonar
Kuskokwim River Sonar,2023,06/10,Kuskokwim River Sonar,Chinook,257.0,257.0,Calculated,Sonar
Kuskokwim River Sonar,2023,06/11,Kuskokwim River Sonar,Chinook,2143.0,2143.0,Calculated,Sonar
Kuskokwim River Sonar,2023,06/12,Kuskokwim River Sonar,Chinook,1648.0,1648.0,Calculated,Sonar
Kuskokwim River Sonar,2023,06/13,Kuskokwim River Sonar,Chinook,2017.0,2017.0,Calculated,Sonar
Kuskokwim River Sonar,2023,06/14,Kuskokwim River Sonar,Chinook,2279.0,2279.0,Calculated,Sonar
Kuskokwim River Sonar,2023,06/15,Kuskokwim River Sonar,Chinook,2666.0,2666.0,Calculated,Sonar
Kuskokwim River Sonar,2023,06/16,Kuskokwim River Sonar,Chinook,3093.0,3093.0,Calculated,Sonar
Kuskokwim River Sonar,2023,06/17,Kuskokwim River Sonar,Chinook,2034.0,2034.0,Calculated,Sonar
Kuskokwim River Sonar,2023,06/18,Kuskokwim River Sonar,Chinook,1526.0,1526.0,Calculated,Sonar
Kuskokwim River Sonar,2023,06/19,Kuskokwim River Sonar,Chinook,2572.0,2572.0,Calculated,Sonar
Kuskokwim River Sonar,2023,06/20,Kuskokwim River Sonar,Chinook,1578.0,1578.0,Calculated,Sonar
Kuskokwim River Sonar,2023,06/21,Kuskokwim River Sonar,Chinook,1344.0,1344.0,Calculated,Sonar
Kuskokwim River Sonar,2023,06/22,Kuskokwim River Sonar,Chinook,1791.0,1791.0,Calculated,Sonar
Kuskokwim River Sonar,2023,06/23,Kuskokwim River Sonar,Chinook,1666.0,1666.0,Calculated,Sonar
Kuskokwim River Sonar,2023,06/24,Kuskokwim River Sonar,Chinook,2821.0,2821.0,Calculated,Sonar
Kuskokwim River Sonar,2023,06/25,Kuskokwim River Sonar,Chinook,1464.0,1464.0,Calculated,Sonar
Kuskokwim River Sonar,2023,06/26,Kuskokwim River Sonar,Chinook,956.0,956.0,Calculated,Sonar
Kuskokwim River Sonar,2023,06/27,Kuskokwim River Sonar,Chinook,2206.0,2206.0,Calculated,Sonar
Kuskokwim River Sonar,2023,06/28,Kuskokwim River Sonar,Chinook,6676.0,6676.0,Calculated,Sonar
Kuskokwim River Sonar,2023,06/29,Kuskokwim River Sonar,Chinook,3530.0,3530.0,Calculated,Sonar
Kuskokwim River Sonar,2023,06/30,Kuskokwim River Sonar,Chinook,3097.0,3097.0,Calculated,Sonar
Kuskokwim River Sonar,2023,07/01,Kuskokwim River Sonar,Chinook,2751.0,2751.0,Calculated,Sonar
Kuskokwim River Sonar,2023,07/02,Kuskokwim River Sonar,Chinook,233.0,233.0,Calculated,Sonar
Kuskokwim River Sonar,2023,07/03,Kuskokwim River Sonar,Chinook,1841.0,1841.0,Calculated,Sonar
Kuskokwim River Sonar,2023,07/04,Kuskokwim River Sonar,Chinook,946.0,946.0,Calculated,Sonar
Kuskokwim River Sonar,2023,07/05,Kuskokwim River Sonar,Chinook,1632.0,1632.0,Calculated,Sonar
Kuskokwim River Sonar,2023,07/06,Kuskokwim River Sonar,Chinook,1257.0,1257.0,Calculated,Sonar
Kuskokwim River Sonar,2023,07/07,Kuskokwim River Sonar,Chinook,3508.0,3508.0,Calculated,Sonar
Kuskokwim River Sonar,2023,07/08,Kuskokwim River Sonar,Chinook,1004.0,1004.0,Calculated,Sonar
Kuskokwim River Sonar,2023,07/09,Kuskokwim River Sonar,Chinook,6493.0,6493.0,Calculated,Sonar
Kuskokwim River Sonar,2023,07/10,Kuskokwim River Sonar,Chinook,941.0,941.0,Calculated,Sonar
Kuskokwim River Sonar,2023,07/11,Kuskokwim River Sonar,Chinook,956.0,956.0,Calculated,Sonar
Kuskokwim River Sonar,2023,07/12,Kuskokwim River Sonar,Chinook,1717.0,1717.0,Calculated,Sonar
Kuskokwim River Sonar,2023,07/13,Kuskokwim River Sonar,Chinook,250.0,250.0,Calculated,Sonar
Kuskokwim River Sonar,2023,07/14,Kuskokwim River Sonar,Chinook,773.0,773.0,Calculated,Sonar
Kuskokwim River Sonar,2023,07/15,Kuskokwim River Sonar,Chinook,669.0,669.0,Calculated,Sonar
Kuskokwim River Sonar,2023,07/16,Kuskokwim River Sonar,Chinook,0.0,0.0,Calculated,Sonar
Kuskokwim River Sonar,2023,07/17,Kuskokwim River Sonar,Chinook,0.0,0.0,Calculated,Sonar
Kuskokwim River Sonar,2023,07/18,Kuskokwim River Sonar,Chinook,347.0,347.0,Calculated,Sonar
Kuskokwim River Sonar,2023,07/19,Kuskokwim River Sonar,Chinook,488.0,488.0,Calculated,Sonar
Kuskokwim River Sonar,2023,07/20,Kuskokwim River Sonar,Chinook,2388.0,2388.0,Calculated,Sonar
Kuskokwim River Sonar,2023,07/21,Kuskokwim River Sonar,Chinook,894.0,894.0,Calculated,Sonar
Kuskokwim River Sonar,2023,07/22,Kuskokwim River Sonar,Chinook,974.0,974.0,Calculated,Sonar
Kuskokwim River Sonar,2023,07/23,Kuskokwim River Sonar,Chinook,795.0,795.0,Calculated,Sonar
Kuskokwim River Sonar,2023,07/24,Kuskokwim River Sonar,Chinook,0.0,0.0,Calculated,Sonar
Kuskokwim River Sonar,2023,07/25,Kuskokwim River Sonar,Chinook,0.0,0.0,Calculated,Sonar
Kuskokwim River Sonar,2023,07/26,Kuskokwim River Sonar,Chinook,0.0,0.0,Calculated,Sonar
Kuskokwim River Sonar,2023,07/27,Kuskokwim River Sonar,Chinook,0.0,0.0,Calculated,Sonar
Kuskokwim River Sonar,2023,07/28,Kuskokwim River Sonar,Chinook,0.0,0.0,Calculated,Sonar
Kuskokwim River Sonar,2023,07/29,Kuskokwim River Sonar,Chinook,0.0,0.0,Calculated,Sonar
Kuskokwim River Sonar,2023,07/30,Kuskokwim River Sonar,Chinook,0.0,0.0,Calculated,Sonar
Kuskokwim River Sonar,2023,07/31,Kuskokwim River Sonar,Chinook,0.0,0.0,Calculated,Sonar
Kuskokwim River Sonar,2023,08/01,Kuskokwim River Sonar,Chinook,0.0,0.0,Calculated,Sonar
Kuskokwim River Sonar,2023,08/02,Kuskokwim River Sonar,Chinook,0.0,0.0,Calculated,Sonar
Kuskokwim River Sonar,2023,08/03,Kuskokwim River Sonar,Chinook,665.0,665.0,Calculated,Sonar
Kuskokwim River Sonar,2023,08/04,Kuskokwim River Sonar,Chinook,0.0,0.0,Calculated,Sonar
Kuskokwim River Sonar,2023,08/05,Kuskokwim River Sonar,Chinook,0.0,0.0,Calculated,Sonar
Kuskokwim River Sonar,2023,08/06,Kuskokwim River Sonar,Chinook,0.0,0.0,Calculated,Sonar
Kuskokwim River Sonar,2023,08/07,Kuskokwim River Sonar,Chinook,0.0,0.0,Calculated,Sonar
Kuskokwim River Sonar,2023,08/08,Kuskokwim River Sonar,Chinook,0.0,0.0,Calculated,Sonar
Kuskokwim River Sonar,2023,08/09,Kuskokwim River Sonar,Chinook,0.0,0.0,Calculated,Sonar
Kuskokwim River Sonar,2023,08/10,Kuskokwim River Sonar,Chinook,0.0,0.0,Calculated,Sonar
Kuskokwim River Sonar,2023,08/11,Kuskokwim River Sonar,Chinook,0.0,0.0,Calculated,Sonar
Kuskokwim River Sonar,2023,08/12,Kuskokwim River Sonar,Chinook,0.0,0.0,Calculated,Sonar
Kuskokwim River Sonar,2023,08/13,Kuskokwim River Sonar,Chinook,0.0,0.0,Calculated,Sonar
Kuskokwim River Sonar,2023,08/14,Kuskokwim River Sonar,Chinook,0.0,0.0,Calculated,Sonar
Kuskokwim River Sonar,2023,08/15,Kuskokwim River Sonar,Chinook,0.0,0.0,Calculated,Sonar
Kuskokwim River Sonar,2023,08/16,Kuskokwim River Sonar,Chinook,0.0,0.0,Calculated,Sonar
Kuskokwim River Sonar,2023,08/17,Kuskokwim River Sonar,Chinook,0.0,0.0,Calculated,Sonar
Kuskokwim River Sonar,2023,08/18,Kuskokwim River Sonar,Chinook,0.0,0.0,Calculated,Sonar
Kuskokwim River Sonar,2023,08/19,Kuskokwim River Sonar,Chinook,0.0,0.0,Calculated,Sonar
Kuskokwim River Sonar,2023,08/20,Kuskokwim River Sonar,Chinook,0.0,0.0,Calculated,Sonar
Kuskokwim River Sonar,2023,08/21,Kuskokwim River Sonar,Chinook,0.0,0.0,Calculated,Sonar
Kuskokwim River Sonar,2023,08/22,Kuskokwim River Sonar,Chinook,0.0,0.0,Calculated,Sonar
Kuskokwim River Sonar,2023,08/23,Kuskokwim River Sonar,Chinook,0.0,0.0,Calculated,Sonar
Kuskokwim River Sonar,2023,08/24,Kuskokwim River Sonar,Chinook,0.0,0.0,Calculated,Sonar
Kuskokwim River Sonar,2023,08/25,Kuskokwim River Sonar,Chinook,0.0,0.0,Calculated,Sonar
Kuskokwim River Sonar,2023,08/26,Kuskokwim River Sonar,Chinook,0.0,0.0,Calculated,Sonar
Kuskokwim River Sonar,2024,06/03,Kuskokwim River Sonar,Chinook,587.0,587.0,Calculated,Sonar
Kuskokwim River Sonar,2024,06/04,Kuskokwim River Sonar,Chinook,623.0,623.0,Calculated,Sonar
Kuskokwim River Sonar,2024,06/05,Kuskokwim River Sonar,Chinook,649.0,649.0,Calculated,Sonar
Kuskokwim River Sonar,2024,06/06,Kuskokwim River Sonar,Chinook,1131.0,1131.0,Calculated,Sonar
Kuskokwim River Sonar,2024,06/07,Kuskokwim River Sonar,Chinook,803.0,803.0,Calculated,Sonar
Kuskokwim River Sonar,2024,06/08,Kuskokwim River Sonar,Chinook,1136.0,1136.0,Calculated,Sonar
Kuskokwim River Sonar,2024,06/09,Kuskokwim River Sonar,Chinook,1281.0,1281.0,Calculated,Sonar
Kuskokwim River Sonar,2024,06/10,Kuskokwim River Sonar,Chinook,821.0,821.0,Calculated,Sonar
Kuskokwim River Sonar,2024,06/11,Kuskokwim River Sonar,Chinook,1140.0,1140.0,Calculated,Sonar
Kuskokwim River Sonar,2024,06/12,Kuskokwim River Sonar,Chinook,1161.0,1161.0,Calculated,Sonar
Kuskokwim River Sonar,2024,06/13,Kuskokwim River Sonar,Chinook,1108.0,1108.0,Calculated,Sonar
Kuskokwim River Sonar,2024,06/14,Kuskokwim River Sonar,Chinook,1569.0,1569.0,Calculated,Sonar
Kuskokwim River Sonar,2024,06/15,Kuskokwim River Sonar,Chinook,1178.0,1178.0,Calculated,Sonar
Kuskokwim River Sonar,2024,06/16,Kuskokwim River Sonar,Chinook,897.0,897.0,Calculated,Sonar
Kuskokwim River Sonar,2024,06/17,Kuskokwim River Sonar,Chinook,1612.0,1612.0,Calculated,Sonar
Kuskokwim River Sonar,2024,06/18,Kuskokwim River Sonar,Chinook,2156.0,2156.0,Calculated,Sonar
Kuskokwim River Sonar,2024,06/19,Kuskokwim River Sonar,Chinook,6045.0,6045.0,Calculated,Sonar
Kuskokwim River Sonar,2024,06/20,Kuskokwim River Sonar,Chinook,2024.0,2024.0,Calculated,Sonar
Kuskokwim River Sonar,2024,06/21,Kuskokwim River Sonar,Chinook,2323.0,2323.0,Calculated,Sonar
Kuskokwim River Sonar,2024,06/22,Kuskokwim River Sonar,Chinook,6513.0,6513.0,Calculated,Sonar
Kuskokwim River Sonar,2024,06/23,Kuskokwim River Sonar,Chinook,612.0,612.0,Calculated,Sonar
Kuskokwim River Sonar,2024,06/24,Kuskokwim River Sonar,Chinook,2920.0,2920.0,Calculated,Sonar
Kuskokwim River Sonar,2024,06/25,Kuskokwim River Sonar,Chinook,3364.0,3364.0,Calculated,Sonar
Kuskokwim River Sonar,2024,06/26,Kuskokwim River Sonar,Chinook,5297.0,5297.0,Calculated,Sonar
Kuskokwim River Sonar,2024,06/27,Kuskokwim River Sonar,Chinook,1797.0,1797.0,Calculated,Sonar
Kuskokwim River Sonar,2024,06/28,Kuskokwim River Sonar,Chinook,4759.0,4759.0,Calculated,Sonar
Kuskokwim River Sonar,2024,06/29,Kuskokwim River Sonar,Chinook,3832.0,3832.0,Calculated,Sonar
Kuskokwim River Sonar,2024,06/30,Kuskokwim River Sonar,Chinook,6324.0,6324.0,Calculated,Sonar
Kuskokwim River Sonar,2024,07/01,Kuskokwim River Sonar,Chinook,5046.0,5046.0,Calculated,Sonar
Kuskokwim River Sonar,2024,07/02,Kuskokwim River Sonar,Chinook,3909.0,3909.0,Calculated,Sonar
Kuskokwim River Sonar,2024,07/03,Kuskokwim River Sonar,Chinook,6994.0,6994.0,Calculated,Sonar
Kuskokwim River Sonar,2024,07/04,Kuskokwim River Sonar,Chinook,10316.0,10316.0,Calculated,Sonar
Kuskokwim River Sonar,2024,07/05,Kuskokwim River Sonar,Chinook,5305.0,5305.0,Calculated,Sonar
Kuskokwim River Sonar,2024,07/06,Kuskokwim River Sonar,Chinook,3643.0,3643.0,Calculated,Sonar
Kuskokwim River Sonar,2024,07/07,Kuskokwim River Sonar,Chinook,10574.0,10574.0,Calculated,Sonar
Kuskokwim River Sonar,2024,07/08,Kuskokwim River Sonar,Chinook,4968.0,4968.0,Calculated,Sonar
Kuskokwim River Sonar,2024,07/09,Kuskokwim River Sonar,Chinook,2440.0,2440.0,Calculated,Sonar
Kuskokwim River Sonar,2024,07/10,Kuskokwim River Sonar,Chinook,3874.0,3874.0,Calculated,Sonar
Kuskokwim River Sonar,2024,07/11,Kuskokwim River Sonar,Chinook,2997.0,2997.0,Calculated,Sonar
Kuskokwim River Sonar,2024,07/12,Kuskokwim River Sonar,Chinook,2140.0,2140.0,Calculated,Sonar
Kuskokwim River Sonar,2024,07/13,Kuskokwim River Sonar,Chinook,3071.0,3071.0,Calculated,Sonar
Kuskokwim River Sonar,2024,07/14,Kuskokwim River Sonar,Chinook,3249.0,3249.0,Calculated,Sonar
Kuskokwim River Sonar,2024,07/15,Kuskokwim River Sonar,Chinook,2086.0,2086.0,Calculated,Sonar
Kuskokwim River Sonar,2024,07/16,Kuskokwim River Sonar,Chinook,1843.0,1843.0,Calculated,Sonar
Kuskokwim River Sonar,2024,07/17,Kuskokwim River Sonar,Chinook,0.0,0.0,Calculated,Sonar
Kuskokwim River Sonar,2024,07/18,Kuskokwim River Sonar,Chinook,0.0,0.0,Calculated,Sonar
Kuskokwim River Sonar,2024,07/19,Kuskokwim River Sonar,Chinook,1222.0,1222.0,Calculated,Sonar
Kuskokwim River Sonar,2024,07/20,Kuskokwim River Sonar,Chinook,1044.0,1044.0,Calculated,Sonar
Kuskokwim River Sonar,2024,07/21,Kuskokwim River Sonar,Chinook,1147.0,1147.0,Calculated,Sonar
Kuskokwim River Sonar,2024,07/22,Kuskokwim River Sonar,Chinook,707.0,707.0,Calculated,Sonar
Kuskokwim River Sonar,2024,07/23,Kuskokwim River Sonar,Chinook,1360.0,1360.0,Calculated,Sonar
Kuskokwim River Sonar,2024,07/24,Kuskokwim River Sonar,Chinook,1065.0,1065.0,Calculated,Sonar
Kuskokwim River Sonar,2024,07/25,Kuskokwim River Sonar,Chinook,0.0,0.0,Calculated,Sonar
Kuskokwim River Sonar,2025,06/03,Kuskokwim River Sonar,Chinook,840.0,840.0,Calculated,Sonar
Kuskokwim River Sonar,2025,06/04,Kuskokwim River Sonar,Chinook,1076.0,1076.0,Calculated,Sonar
Kuskokwim River Sonar,2025,06/05,Kuskokwim River Sonar,Chinook,2229.0,2229.0,Calculated,Sonar
Kuskokwim River Sonar,2025,06/06,Kuskokwim River Sonar,Chinook,2211.0,2211.0,Calculated,Sonar
Kuskokwim River Sonar,2025,06/07,Kuskokwim River Sonar,Chinook,1441.0,1441.0,Calculated,Sonar
Kuskokwim River Sonar,2025,06/08,Kuskokwim River Sonar,Chinook,1596.0,1596.0,Calculated,Sonar
Kuskokwim River Sonar,2025,06/09,Kuskokwim River Sonar,Chinook,2273.0,2273.0,Calculated,Sonar
Kuskokwim River Sonar,2025,06/10,Kuskokwim River Sonar,Chinook,2868.0,2868.0,Calculated,Sonar
Kuskokwim River Sonar,2025,06/11,Kuskokwim River Sonar,Chinook,3412.0,3412.0,Calculated,Sonar
Kuskokwim River Sonar,2025,06/12,Kuskokwim River Sonar,Chinook,3246.0,3246.0,Calculated,Sonar
Kuskokwim River Sonar,2025,06/13,Kuskokwim River Sonar,Chinook,2235.0,2235.0,Calculated,Sonar
Kuskokwim River Sonar,2025,06/14,Kuskokwim River Sonar,Chinook,5390.0,5390.0,Calculated,Sonar
Kuskokwim River Sonar,2025,06/15,Kuskokwim River Sonar,Chinook,3640.0,3640.0,Calculated,Sonar
Kuskokwim River Sonar,2025,06/16,Kuskokwim River Sonar,Chinook,4693.0,4693.0,Calculated,Sonar
Kuskokwim River Sonar,2025,06/17,Kuskokwim River Sonar,Chinook,2342.0,2342.0,Calculated,Sonar
Kuskokwim River Sonar,2025,06/18,Kuskokwim River Sonar,Chinook,1893.0,1893.0,Calculated,Sonar
Kuskokwim River Sonar,2025,06/19,Kuskokwim River Sonar,Chinook,1055.0,1055.0,Calculated,Sonar
Kuskokwim River Sonar,2025,06/20,Kuskokwim River Sonar,Chinook,134.0,134.0,Calculated,Sonar
Kuskokwim River Sonar,2025,06/21,Kuskokwim River Sonar,Chinook,1733.0,1733.0,Calculated,Sonar
Kuskokwim River Sonar,2025,06/22,Kuskokwim River Sonar,Chinook,1919.0,1919.0,Calculated,Sonar
Kuskokwim River Sonar,2025,06/23,Kuskokwim River Sonar,Chinook,1475.0,1475.0,Calculated,Sonar
Kuskokwim River Sonar,2025,06/24,Kuskokwim River Sonar,Chinook,604.0,604.0,Calculated,Sonar
Kuskokwim River Sonar,2025,06/25,Kuskokwim River Sonar,Chinook,7653.0,7653.0,Calculated,Sonar
Kuskokwim River Sonar,2025,06/26,Kuskokwim River Sonar,Chinook,5081.0,5081.0,Calculated,Sonar
Kuskokwim River Sonar,2025,06/27,Kuskokwim River Sonar,Chinook,1304.0,1304.0,Calculated,Sonar
Kuskokwim River Sonar,2025,06/28,Kuskokwim River Sonar,Chinook,2789.0,2789.0,Calculated,Sonar
Kuskokwim River Sonar,2025,06/29,Kuskokwim River Sonar,Chinook,2448.0,2448.0,Calculated,Sonar
Kuskokwim River Sonar,2025,06/30,Kuskokwim River Sonar,Chinook,5008.0,5008.0,Calculated,Sonar
Kuskokwim River Sonar,2025,07/01,Kuskokwim River Sonar,Chinook,3750.0,3750.0,Calculated,Sonar
Kuskokwim River Sonar,2025,07/02,Kuskokwim River Sonar,Chinook,2863.0,2863.0,Calculated,Sonar
Kuskokwim River Sonar,2025,07/03,Kuskokwim River Sonar,Chinook,2308.0,2308.0,Calculated,Sonar
Kuskokwim River Sonar,2025,07/04,Kuskokwim River Sonar,Chinook,2840.0,2840.0,Calculated,Sonar
Kuskokwim River Sonar,2025,07/05,Kuskokwim River Sonar,Chinook,1151.0,1151.0,Calculated,Sonar
Kuskokwim River Sonar,2025,07/06,Kuskokwim River Sonar,Chinook,2804.0,2804.0,Calculated,Sonar
Kuskokwim River Sonar,2025,07/07,Kuskokwim River Sonar,Chinook,1577.0,1577.0,Calculated,Sonar
Kuskokwim River Sonar,2025,07/08,Kuskokwim River Sonar,Chinook,5969.0,5969.0,Calculated,Sonar
Kuskokwim River Sonar,2025,07/09,Kuskokwim River Sonar,Chinook,6089.0,6089.0,Calculated,Sonar
Kuskokwim River Sonar,2025,07/10,Kuskokwim River Sonar,Chinook,4135.0,4135.0,Calculated,Sonar
Kuskokwim River Sonar,2025,07/11,Kuskokwim River Sonar,Chinook,2040.0,2040.0,Calculated,Sonar
Kuskokwim River Sonar,2025,07/12,Kuskokwim River Sonar,Chinook,2064.0,2064.0,Calculated,Sonar
Kuskokwim River Sonar,2025,07/13,Kuskokwim River Sonar,Chinook,405.0,405.0,Calculated,Sonar
Kuskokwim River Sonar,2025,07/14,Kuskokwim River Sonar,Chinook,2604.0,2604.0,Calculated,Sonar
Kuskokwim River Sonar,2025,07/15,Kuskokwim River Sonar,Chinook,0.0,0.0,Calculated,Sonar
Kuskokwim River Sonar,2025,07/16,Kuskokwim River Sonar,Chinook,671.0,671.0,Calculated,Sonar
Kuskokwim River Sonar,2025,07/17,Kuskokwim River Sonar,Chinook,0.0,0.0,Calculated,Sonar
Kuskokwim River Sonar,2025,07/18,Kuskokwim River Sonar,Chinook,0.0,0.0,Calculated,Sonar
Kuskokwim River Sonar,2025,07/19,Kuskokwim River Sonar,Chinook,0.0,0.0,Calculated,Sonar
Kuskokwim River Sonar,2025,07/20,Kuskokwim River Sonar,Chinook,602.0,602.0,Calculated,Sonar
Kuskokwim River Sonar,2025,07/21,Kuskokwim River Sonar,Chinook,2387.0,2387.0,Calculated,Sonar
Kuskokwim River Sonar,2025,07/22,Kuskokwim River Sonar,Chinook,1231.0,1231.0,Calculated,Sonar
Kuskokwim River Sonar,2025,07/23,Kuskokwim River Sonar,Chinook,748.0,748.0,Calculated,Sonar
Kuskokwim River Sonar,2025,07/24,Kuskokwim River Sonar,Chinook,0.0,0.0,Calculated,Sonar
Kuskokwim River Sonar,2025,07/25,Kuskokwim River Sonar,Chinook,0.0,0.0,Calculated,Sonar
Kuskokwim River Sonar,2025,07/26,Kuskokwim River Sonar,Chinook,0.0,0.0,Calculated,Sonar
Kuskokwim River Sonar,2025,07/27,Kuskokwim River Sonar,Chinook,509.0,509.0,Calculated,Sonar
Kuskokwim River Sonar,2025,07/28,Kuskokwim River Sonar,Chinook,0.0,0.0,Calculated,Sonar
Kuskokwim River Sonar,2025,07/29,Kuskokwim River Sonar,Chinook,0.0,0.0,Calculated,Sonar
Kuskokwim River Sonar,2025,07/30,Kuskokwim River Sonar,Chinook,818.0,818.0,Calculated,Sonar
Kuskokwim River Sonar,2025,07/31,Kuskokwim River Sonar,Chinook,0.0,0.0,Calculated,Sonar
Kuskokwim River Sonar,2025,08/01,Kuskokwim River Sonar,Chinook,0.0,0.0,Calculated,Sonar
Kuskokwim River Sonar,2025,08/02,Kuskokwim River Sonar,Chinook,0.0,0.0,Calculated,Sonar
Kuskokwim River Sonar,2025,08/03,Kuskokwim River Sonar,Chinook,0.0,0.0,Calculated,Sonar
Kuskokwim River Sonar,2025,08/04,Kuskokwim River Sonar,Chinook,0.0,0.0,Calculated,Sonar
Kuskokwim River Sonar,2025,08/05,Kuskokwim River Sonar,Chinook,0.0,0.0,Calculated,Sonar
Kuskokwim River Sonar,2025,08/06,Kuskokwim River Sonar,Chinook,0.0,0.0,Calculated,Sonar
Kuskokwim River Sonar,2025,08/07,Kuskokwim River Sonar,Chinook,0.0,0.0,Calculated,Sonar
Kuskokwim River Sonar,2025,08/08,Kuskokwim River Sonar,Chinook,0.0,0.0,Calculated,Sonar
Kuskokwim River Sonar,2025,08/09,Kuskokwim River Sonar,Chinook,0.0,0.0,Calculated,Sonar
Kuskokwim River Sonar,2025,08/10,Kuskokwim River Sonar,Chinook,0.0,0.0,Calculated,Sonar
Kuskokwim River Sonar,2025,08/11,Kuskokwim River Sonar,Chinook,0.0,0.0,Calculated,Sonar
Kuskokwim River Sonar,2025,08/12,Kuskokwim River Sonar,Chinook,0.0,0.0,Calculated,Sonar
Kuskokwim River Sonar,2025,08/13,Kuskokwim River Sonar,Chinook,0.0,0.0,Calculated,Sonar
Kuskokwim River Sonar,2025,08/14,Kuskokwim River Sonar,Chinook,0.0,0.0,Calculated,Sonar
Kuskokwim River Sonar,2025,08/15,Kuskokwim River Sonar,Chinook,0.0,0.0,Calculated,Sonar
Kuskokwim River Sonar,2025,08/16,Kuskokwim River Sonar,Chinook,0.0,0.0,Calculated,Sonar
Kuskokwim River Sonar,2025,08/17,Kuskokwim River Sonar,Chinook,0.0,0.0,Calculated,Sonar
Kuskokwim River Sonar,2025,08/18,Kuskokwim River Sonar,Chinook,0.0,0.0,Calculated,Sonar
Kuskokwim River Sonar,2025,08/19,Kuskokwim River Sonar,Chinook,0.0,0.0,Calculated,Sonar
Kuskokwim River Sonar,2025,08/20,Kuskokwim River Sonar,Chinook,0.0,0.0,Calculated,Sonar
Kuskokwim River Sonar,2025,08/21,Kuskokwim River Sonar,Chinook,0.0,0.0,Calculated,Sonar
Kuskokwim River Sonar,2025,08/22,Kuskokwim River Sonar,Chinook,0.0,0.0,Calculated,Sonar
Kuskokwim River Sonar,2025,08/23,Kuskokwim River Sonar,Chinook,0.0,0.0,Calculated,Sonar
Kuskokwim River Sonar,2025,08/24,Kuskokwim River Sonar,Chinook,0.0,0.0,Calculated,Sonar
Kuskokwim River Sonar,2025,08/25,Kuskokwim River Sonar,Chinook,,,Calculated,Sonar
Kuskokwim River Sonar,2025,08/26,Kuskokwim River Sonar,Chinook,,,Calculated,Sonar
