Project,,,Observation Year,Observation Month/Day,Location,Species,Fish Count,Fish Count,Method
Kuskokwim River Sonar,,,2019,05/31,Kuskokwim River Sonar,Chinook,784,784,Sonar
Kuskokwim River Sonar,,,2019,06/01,Kuskokwim River Sonar,Chinook,788,788,Sonar
Kuskokwim River Sonar,,,2019,06/02,Kuskokwim River Sonar,Chinook,0,0,Sonar
Kuskokwim River Sonar,,,2019,06/03,Kuskokwim River Sonar,Chinook,0,0,Sonar
Kuskokwim River Sonar,,,2019,06/04,Kuskokwim River Sonar,Chinook,1124,1124,Sonar
Kuskokwim River Sonar,,,2019,06/05,Kuskokwim River Sonar,Chinook,869,869,Sonar
Kuskokwim River Sonar,,,2019,06/06,Kuskokwim River Sonar,Chinook,3567,3567,Sonar
Kuskokwim River Sonar,,,2019,06/07,Kuskokwim River Sonar,Chinook,4078,4078,Sonar
Kuskokwim River Sonar,,,2019,06/08,Kuskokwim River Sonar,Chinook,2514,2514,Sonar
Kuskokwim River Sonar,,,2019,06/09,Kuskokwim River Sonar,Chinook,3055,3055,Sonar
Kuskokwim River Sonar,,,2019,06/10,Kuskokwim River Sonar,Chinook,7158,7158,Sonar
Kuskokwim River Sonar,,,2019,06/11,Kuskokwim River Sonar,Chinook,4737,4737,Sonar
Kuskokwim River Sonar,,,2019,06/12,Kuskokwim River Sonar,Chinook,2097,2097,Sonar
Kuskokwim River Sonar,,,2019,06/13,Kuskokwim River Sonar,Chinook,3247,3247,Sonar
Kuskokwim River Sonar,,,2019,06/14,Kuskokwim River Sonar,Chinook,4082,4082,Sonar
Kuskokwim River Sonar,,,2019,06/15,Kuskokwim River Sonar,Chinook,1705,1705,Sonar
Kuskokwim River Sonar,,,2019,06/16,Kuskokwim River Sonar,Chinook,4277,4277,Sonar
Kuskokwim River Sonar,,,2019,06/17,Kuskokwim River Sonar,Chinook,6565,6565,Sonar
Kuskokwim River Sonar,,,2019,06/18,Kuskokwim River Sonar,Chinook,2833,2833,Sonar
Kuskokwim River Sonar,,,2019,06/19,Kuskokwim River Sonar,Chinook,5588,5588,Sonar
Kuskokwim River Sonar,,,2019,06/20,Kuskokwim River Sonar,Chinook,5182,5182,Sonar
Kuskokwim River Sonar,,,2019,06/21,Kuskokwim River Sonar,Chinook,10877,10877,Sonar
Kuskokwim River Sonar,,,2019,06/22,Kuskokwim River Sonar,Chinook,12770,12770,Sonar
Kuskokwim River Sonar,,,2019,06/23,Kuskokwim River Sonar,Chinook,6844,6844,Sonar
Kuskokwim River Sonar,,,2019,06/24,Kuskokwim River Sonar,Chinook,5784,5784,Sonar
Kuskokwim River Sonar,,,2019,06/25,Kuskokwim River Sonar,Chinook,3766,3766,Sonar
Kuskokwim River Sonar,,,2019,06/26,Kuskokwim River Sonar,Chinook,5859,5859,Sonar
Kuskokwim River Sonar,,,2019,06/27,Kuskokwim River Sonar,Chinook,6375,6375,Sonar
Kuskokwim River Sonar,,,2019,06/28,Kuskokwim River Sonar,Chinook,7560,7560,Sonar
Kuskokwim River Sonar,,,2019,06/29,Kuskokwim River Sonar,Chinook,7844,7844,Sonar
Kuskokwim River Sonar,,,2019,06/30,Kuskokwim River Sonar,Chinook,0,0,Sonar
Kuskokwim River Sonar,,,2019,07/01,Kuskokwim River Sonar,Chinook,4319,4319,Sonar
Kuskokwim River Sonar,,,2019,07/02,Kuskokwim River Sonar,Chinook,1988,1988,Sonar
Kuskokwim River Sonar,,,2019,07/03,Kuskokwim River Sonar,Chinook,4505,4505,Sonar
Kuskokwim River Sonar,,,2019,07/04,Kuskokwim River Sonar,Chinook,3624,3624,Sonar
Kuskokwim River Sonar,,,2019,07/05,Kuskokwim River Sonar,Chinook,502,502,Sonar
Kuskokwim River Sonar,,,2019,07/06,Kuskokwim River Sonar,Chinook,796,796,Sonar
Kuskokwim River Sonar,,,2019,07/07,Kuskokwim River Sonar,Chinook,932,932,Sonar
Kuskokwim River Sonar,,,2019,07/08,Kuskokwim River Sonar,Chinook,625,625,Sonar
Kuskokwim River Sonar,,,2019,07/09,Kuskokwim River Sonar,Chinook,1460,1460,Sonar
Kuskokwim River Sonar,,,2019,07/10,Kuskokwim River Sonar,Chinook,1964,1964,Sonar
Kuskokwim River Sonar,,,2019,07/11,Kuskokwim River Sonar,Chinook,0,0,Sonar
Kuskokwim River Sonar,,,2019,07/12,Kuskokwim River Sonar,Chinook,520,520,Sonar
Kuskokwim River Sonar,,,2019,07/13,Kuskokwim River Sonar,Chinook,3436,3436,Sonar
Kuskokwim River Sonar,,,2019,07/14,Kuskokwim River Sonar,Chinook,3031,3031,Sonar
Kuskokwim River Sonar,,,2019,07/15,Kuskokwim River Sonar,Chinook,0,0,Sonar
Kuskokwim River Sonar,,,2019,07/16,Kuskokwim River Sonar,Chinook,0,0,Sonar
Kuskokwim River Sonar,,,2019,07/17,Kuskokwim River Sonar,Chinook,769,769,Sonar
Kuskokwim River Sonar,,,2019,07/18,Kuskokwim River Sonar,Chinook,0,0,Sonar
Kuskokwim River Sonar,,,2019,07/19,Kuskokwim River Sonar,Chinook,0,0,Sonar
Kuskokwim River Sonar,,,2019,07/20,Kuskokwim River Sonar,Chinook,0,0,Sonar
Kuskokwim River Sonar,,,2019,07/21,Kuskokwim River Sonar,Chinook,443,443,Sonar
Kuskokwim River Sonar,,,2019,07/22,Kuskokwim River Sonar,Chinook,0,0,Sonar
Kuskokwim River Sonar,,,2019,07/23,Kuskokwim River Sonar,Chinook,563,563,Sonar
Kuskokwim River Sonar,,,2019,07/24,Kuskokwim River Sonar,Chinook,520,520,Sonar
Kuskokwim River Sonar,,,2019,07/25,Kuskokwim River Sonar,Chinook,0,0,Sonar
Kuskokwim River Sonar,,,2019,07/26,Kuskokwim River Sonar,Chinook,746,746,Sonar
Kuskokwim River Sonar,,,2020,06/03,Kuskokwim River Sonar,Chinook,0,0,Sonar
Kuskokwim River Sonar,,,2020,06/04,Kuskokwim River Sonar,Chinook,0,0,Sonar
Kuskokwim River Sonar,,,2020,06/05,Kuskokwim River Sonar,Chinook,815,815,Sonar
Kuskokwim River Sonar,,,2020,06/06,Kuskokwim River Sonar,Chinook,677,677,Sonar
Kuskokwim River Sonar,,,2020,06/07,Kuskokwim River Sonar,Chinook,375,375,Sonar
Kuskokwim River Sonar,,,2020,06/08,Kuskokwim River Sonar,Chinook,984,984,Sonar
Kuskokwim River Sonar,,,2020,06/09,Kuskokwim River Sonar,Chinook,1190,1190,Sonar
Kuskokwim River Sonar,,,2020,06/10,Kuskokwim River Sonar,Chinook,1089,1089,Sonar
Kuskokwim River Sonar,,,2020,06/11,Kuskokwim River Sonar,Chinook,1300,1300,Sonar
Kuskokwim River Sonar,,,2020,06/12,Kuskokwim River Sonar,Chinook,2059,2059,Sonar
Kuskokwim River Sonar,,,2020,06/13,Kuskokwim River Sonar,Chinook,464,464,Sonar
Kuskokwim River Sonar,,,2020,06/14,Kuskokwim River Sonar,Chinook,342,342,Sonar
Kuskokwim River Sonar,,,2020,06/15,Kuskokwim River Sonar,Chinook,2637,2637,Sonar
Kuskokwim River Sonar,,,2020,06/16,Kuskokwim River Sonar,Chinook,894,894,Sonar
Kuskokwim River Sonar,,,2020,06/17,Kuskokwim River Sonar,Chinook,993,993,Sonar
Kuskokwim River Sonar,,,2020,06/18,Kuskokwim River Sonar,Chinook,2355,2355,Sonar
Kuskokwim River Sonar,,,2020,06/19,Kuskokwim River Sonar,Chinook,2691,2691,Sonar
Kuskokwim River Sonar,,,2020,06/20,Kuskokwim River Sonar,Chinook,2005,2005,Sonar
Kuskokwim River Sonar,,,2020,06/21,Kuskokwim River Sonar,Chinook,2073,2073,Sonar
Kuskokwim River Sonar,,,2020,06/22,Kuskokwim River Sonar,Chinook,2605,2605,Sonar
Kuskokwim River Sonar,,,2020,06/23,Kuskokwim River Sonar,Chinook,2840,2840,Sonar
Kuskokwim River Sonar,,,2020,06/24,Kuskokwim River Sonar,Chinook,2620,2620,Sonar
Kuskokwim River Sonar,,,2020,06/25,Kuskokwim River Sonar,Chinook,2935,2935,Sonar
Kuskokwim River Sonar,,,2020,06/26,Kuskokwim River Sonar,Chinook,4243,4243,Sonar
Kuskokwim River Sonar,,,2020,06/27,Kuskokwim River Sonar,Chinook,3161,3161,Sonar
Kuskokwim River Sonar,,,2020,06/28,Kuskokwim River Sonar,Chinook,1337,1337,Sonar
Kuskokwim River Sonar,,,2020,06/29,Kuskokwim River Sonar,Chinook,6626,6626,Sonar
Kuskokwim River Sonar,,,2020,06/30,Kuskokwim River Sonar,Chinook,7657,7657,Sonar
Kuskokwim River Sonar,,,2020,07/01,Kuskokwim River Sonar,Chinook,4433,4433,Sonar
Kuskokwim River Sonar,,,2020,07/02,Kuskokwim River Sonar,Chinook,5018,5018,Sonar
Kuskokwim River Sonar,,,2020,07/03,Kuskokwim River Sonar,Chinook,3038,3038,Sonar
Kuskokwim River Sonar,,,2020,07/04,Kuskokwim River Sonar,Chinook,1706,1706,Sonar
Kuskokwim River Sonar,,,2020,07/05,Kuskokwim River Sonar,Chinook,2212,2212,Sonar
Kuskokwim River Sonar,,,2020,07/06,Kuskokwim River Sonar,Chinook,4554,4554,Sonar
Kuskokwim River Sonar,,,2020,07/07,Kuskokwim River Sonar,Chinook,5681,5681,Sonar
Kuskokwim River Sonar,,,2020,07/08,Kuskokwim River Sonar,Chinook,2108,2108,Sonar
Kuskokwim River Sonar,,,2020,07/09,Kuskokwim River Sonar,Chinook,3357,3357,Sonar
Kuskokwim River Sonar,,,2020,07/10,Kuskokwim River Sonar,Chinook,3252,3252,Sonar
Kuskokwim River Sonar,,,2020,07/11,Kuskokwim River Sonar,Chinook,1663,1663,Sonar
Kuskokwim River Sonar,,,2020,07/12,Kuskokwim River Sonar,Chinook,3557,3557,Sonar
Kuskokwim River Sonar,,,2020,07/13,Kuskokwim River Sonar,Chinook,0,0,Sonar
Kuskokwim River Sonar,,,2020,07/14,Kuskokwim River Sonar,Chinook,1638,1638,Sonar
Kuskokwim River Sonar,,,2020,07/15,Kuskokwim River Sonar,Chinook,2129,2129,Sonar
Kuskokwim River Sonar,,,2020,07/16,Kuskokwim River Sonar,Chinook,2032,2032,Sonar
Kuskokwim River Sonar,,,2020,07/17,Kuskokwim River Sonar,Chinook,0,0,Sonar
Kuskokwim River Sonar,,,2020,07/18,Kuskokwim River Sonar,Chinook,568,568,Sonar
Kuskokwim River Sonar,,,2020,07/19,Kuskokwim River Sonar,Chinook,447,447,Sonar
Kuskokwim River Sonar,,,2020,07/20,Kuskokwim River Sonar,Chinook,166,166,Sonar
Kuskokwim River Sonar,,,2020,07/21,Kuskokwim River Sonar,Chinook,0,0,Sonar
Kuskokwim River Sonar,,,2020,07/22,Kuskokwim River Sonar,Chinook,0,0,Sonar
Kuskokwim River Sonar,,,2020,07/23,Kuskokwim River Sonar,Chinook,450,450,Sonar
Kuskokwim River Sonar,,,2020,07/24,Kuskokwim River Sonar,Chinook,0,0,Sonar
Kuskokwim River Sonar,,,2020,07/25,Kuskokwim River Sonar,Chinook,0,0,Sonar
Kuskokwim River Sonar,,,2020,07/26,Kuskokwim River Sonar,Chinook,0,0,Sonar
Kuskokwim River Sonar,,,2020,07/27,Kuskokwim River Sonar,Chinook,0,0,Sonar
Kuskokwim River Sonar,,,2020,07/28,Kuskokwim River Sonar,Chinook,0,0,Sonar
Kuskokwim River Sonar,,,2020,07/29,Kuskokwim River Sonar,Chinook,189,189,Sonar
Kuskokwim River Sonar,,,2020,07/30,Kuskokwim River Sonar,Chinook,0,0,Sonar
Kuskokwim River Sonar,,,2020,07/31,Kuskokwim River Sonar,Chinook,0,0,Sonar
Kuskokwim River Sonar,,,2020,08/01,Kuskokwim River Sonar,Chinook,0,0,Sonar
Kuskokwim River Sonar,,,2020,08/02,Kuskokwim River Sonar,Chinook,860,860,Sonar
Kuskokwim River Sonar,,,2020,08/03,Kuskokwim River Sonar,Chinook,0,0,Sonar
Kuskokwim River Sonar,,,2020,08/04,Kuskokwim River Sonar,Chinook,0,0,Sonar
Kuskokwim River Sonar,,,2020,08/05,Kuskokwim River Sonar,Chinook,0,0,Sonar
Kuskokwim River Sonar,,,2020,08/06,Kuskokwim River Sonar,Chinook,0,0,Sonar
Kuskokwim River Sonar,,,2020,08/07,Kuskokwim River Sonar,Chinook,322,322,Sonar
Kuskokwim River Sonar,,,2020,08/08,Kuskokwim River Sonar,Chinook,0,0,Sonar
Kuskokwim River Sonar,,,2020,08/09,Kuskokwim River Sonar,Chinook,225,225,Sonar
Kuskokwim River Sonar,,,2020,08/10,Kuskokwim River Sonar,Chinook,0,0,Sonar
Kuskokwim River Sonar,,,2020,08/11,Kuskokwim River Sonar,Chinook,0,0,Sonar
Kuskokwim River Sonar,,,2020,08/12,Kuskokwim River Sonar,Chinook,0,0,Sonar
Kuskokwim River Sonar,,,2020,08/13,Kuskokwim River Sonar,Chinook,0,0,Sonar
Kuskokwim River Sonar,,,2020,08/14,Kuskokwim River Sonar,Chinook,0,0,Sonar
Kuskokwim River Sonar,,,2020,08/15,Kuskokwim River Sonar,Chinook,0,0,Sonar
Kuskokwim River Sonar,,,2020,08/16,Kuskokwim River Sonar,Chinook,0,0,Sonar
Kuskokwim River Sonar,,,2020,08/17,Kuskokwim River Sonar,Chinook,192,192,Sonar
Kuskokwim River Sonar,,,2020,08/18,Kuskokwim River Sonar,Chinook,0,0,Sonar
Kuskokwim River Sonar,,,2020,08/19,Kuskokwim River Sonar,Chinook,0,0,Sonar
Kuskokwim River Sonar,,,2020,08/20,Kuskokwim River Sonar,Chinook,0,0,Sonar
Kuskokwim River Sonar,,,2020,08/21,Kuskokwim River Sonar,Chinook,0,0,Sonar
Kuskokwim River Sonar,,,2020,08/22,Kuskokwim River Sonar,Chinook,0,0,Sonar
Kuskokwim River Sonar,,,2020,08/23,Kuskokwim River Sonar,Chinook,0,0,Sonar
Kuskokwim River Sonar,,,2020,08/24,Kuskokwim River Sonar,Chinook,0,0,Sonar
Kuskokwim River Sonar,,,2020,08/25,Kuskokwim River Sonar,Chinook,0,0,Sonar
Kuskokwim River Sonar,,,2021,06/01,Kuskokwim River Sonar,Chinook,249,249,Sonar
Kuskokwim River Sonar,,,2021,06/02,Kuskokwim River Sonar,Chinook,261,261,Sonar
Kuskokwim River Sonar,,,2021,06/03,Kuskokwim River Sonar,Chinook,236,236,Sonar
Kuskokwim River Sonar,,,2021,06/04,Kuskokwim River Sonar,Chinook,747,747,Sonar
Kuskokwim River Sonar,,,2021,06/05,Kuskokwim River Sonar,Chinook,993,993,Sonar
Kuskokwim River Sonar,,,2021,06/06,Kuskokwim River Sonar,Chinook,858,858,Sonar
Kuskokwim River Sonar,,,2021,06/07,Kuskokwim River Sonar,Chinook,792,792,Sonar
Kuskokwim River Sonar,,,2021,06/08,Kuskokwim River Sonar,Chinook,950,950,Sonar
Kuskokwim River Sonar,,,2021,06/09,Kuskokwim River Sonar,Chinook,848,848,Sonar
Kuskokwim River Sonar,,,2021,06/10,Kuskokwim River Sonar,Chinook,1102,1102,Sonar
Kuskokwim River Sonar,,,2021,06/11,Kuskokwim River Sonar,Chinook,1626,1626,Sonar
Kuskokwim River Sonar,,,2021,06/12,Kuskokwim River Sonar,Chinook,1332,1332,Sonar
Kuskokwim River Sonar,,,2021,06/13,Kuskokwim River Sonar,Chinook,2528,2528,Sonar
Kuskokwim River Sonar,,,2021,06/14,Kuskokwim River Sonar,Chinook,2667,2667,Sonar
Kuskokwim River Sonar,,,2021,06/15,Kuskokwim River Sonar,Chinook,2731,2731,Sonar
Kuskokwim River Sonar,,,2021,06/16,Kuskokwim River Sonar,Chinook,1019,1019,Sonar
Kuskokwim River Sonar,,,2021,06/17,Kuskokwim River Sonar,Chinook,1700,1700,Sonar
Kuskokwim River Sonar,,,2021,06/18,Kuskokwim River Sonar,Chinook,1375,1375,Sonar
Kuskokwim River Sonar,,,2021,06/19,Kuskokwim River Sonar,Chinook,2585,2585,Sonar
Kuskokwim River Sonar,,,2021,06/20,Kuskokwim River Sonar,Chinook,2745,2745,Sonar
Kuskokwim River Sonar,,,2021,06/21,Kuskokwim River Sonar,Chinook,2059,2059,Sonar
Kuskokwim River Sonar,,,2021,06/22,Kuskokwim River Sonar,Chinook,3125,3125,Sonar
Kuskokwim River Sonar,,,2021,06/23,Kuskokwim River Sonar,Chinook,1476,1476,Sonar
Kuskokwim River Sonar,,,2021,06/24,Kuskokwim River Sonar,Chinook,3261,3261,Sonar
Kuskokwim River Sonar,,,2021,06/25,Kuskokwim River Sonar,Chinook,3788,3788,Sonar
Kuskokwim River Sonar,,,2021,06/26,Kuskokwim River Sonar,Chinook,1459,1459,Sonar
Kuskokwim River Sonar,,,2021,06/27,Kuskokwim River Sonar,Chinook,4330,4330,Sonar
Kuskokwim River Sonar,,,2021,06/28,Kuskokwim River Sonar,Chinook,2751,2751,Sonar
Kuskokwim River Sonar,,,2021,06/29,Kuskokwim River Sonar,Chinook,4219,4219,Sonar
Kuskokwim River Sonar,,,2021,06/30,Kuskokwim River Sonar,Chinook,2367,2367,Sonar
Kuskokwim River Sonar,,,2021,07/01,Kuskokwim River Sonar,Chinook,5223,5223,Sonar
Kuskokwim River Sonar,,,2021,07/02,Kuskokwim River Sonar,Chinook,3101,3101,Sonar
Kuskokwim River Sonar,,,2021,07/03,Kuskokwim River Sonar,Chinook,3692,3692,Sonar
Kuskokwim River Sonar,,,2021,07/04,Kuskokwim River Sonar,Chinook,1770,1770,Sonar
Kuskokwim River Sonar,,,2021,07/05,Kuskokwim River Sonar,Chinook,1500,1500,Sonar
Kuskokwim River Sonar,,,2021,07/06,Kuskokwim River Sonar,Chinook,2331,2331,Sonar
Kuskokwim River Sonar,,,2021,07/07,Kuskokwim River Sonar,Chinook,3625,3625,Sonar
Kuskokwim River Sonar,,,2021,07/08,Kuskokwim River Sonar,Chinook,3647,3647,Sonar
Kuskokwim River Sonar,,,2021,07/09,Kuskokwim River Sonar,Chinook,3217,3217,Sonar
Kuskokwim River Sonar,,,2021,07/10,Kuskokwim River Sonar,Chinook,1521,1521,Sonar
Kuskokwim River Sonar,,,2021,07/11,Kuskokwim River Sonar,Chinook,1716,1716,Sonar
Kuskokwim River Sonar,,,2021,07/12,Kuskokwim River Sonar,Chinook,1933,1933,Sonar
Kuskokwim River Sonar,,,2021,07/13,Kuskokwim River Sonar,Chinook,273,273,Sonar
Kuskokwim River Sonar,,,2021,07/14,Kuskokwim River Sonar,Chinook,0,0,Sonar
Kuskokwim River Sonar,,,2021,07/15,Kuskokwim River Sonar,Chinook,966,966,Sonar
Kuskokwim River Sonar,,,2021,07/16,Kuskokwim River Sonar,Chinook,4907,4907,Sonar
Kuskokwim River Sonar,,,2021,07/17,Kuskokwim River Sonar,Chinook,1585,1585,Sonar
Kuskokwim River Sonar,,,2021,07/18,Kuskokwim River Sonar,Chinook,947,947,Sonar
Kuskokwim River Sonar,,,2021,07/19,Kuskokwim River Sonar,Chinook,1078,1078,Sonar
Kuskokwim River Sonar,,,2021,07/20,Kuskokwim River Sonar,Chinook,1133,1133,Sonar
Kuskokwim River Sonar,,,2021,07/21,Kuskokwim River Sonar,Chinook,0,0,Sonar
Kuskokwim River Sonar,,,2021,07/22,Kuskokwim River Sonar,Chinook,0,0,Sonar
Kuskokwim River Sonar,,,2021,07/23,Kuskokwim River Sonar,Chinook,0,0,Sonar
Kuskokwim River Sonar,,,2021,07/24,Kuskokwim River Sonar,Chinook,0,0,Sonar
Kuskokwim River Sonar,,,2021,07/25,Kuskokwim River Sonar,Chinook,736,736,Sonar
Kuskokwim River Sonar,,,2021,07/26,Kuskokwim River Sonar,Chinook,775,775,Sonar
Kuskokwim River Sonar,,,2021,07/27,Kuskokwim River Sonar,Chinook,0,0,Sonar
Kuskokwim River Sonar,,,2021,07/28,Kuskokwim River Sonar,Chinook,161,161,Sonar
Kuskokwim River Sonar,,,2021,07/29,Kuskokwim River Sonar,Chinook,192,192,Sonar
Kuskokwim River Sonar,,,2021,07/30,Kuskokwim River Sonar,Chinook,120,120,Sonar
Kuskokwim River Sonar,,,2021,07/31,Kuskokwim River Sonar,Chinook,221,221,Sonar
Kuskokwim River Sonar,,,2021,08/01,Kuskokwim River Sonar,Chinook,0,0,Sonar
Kuskokwim River Sonar,,,2021,08/02,Kuskokwim River Sonar,Chinook,0,0,Sonar
Kuskokwim River Sonar,,,2021,08/03,Kuskokwim River Sonar,Chinook,0,0,Sonar
Kuskokwim River Sonar,,,2021,08/04,Kuskokwim River Sonar,Chinook,0,0,Sonar
Kuskokwim River Sonar,,,2021,08/05,Kuskokwim River Sonar,Chinook,0,0,Sonar
Kuskokwim River Sonar,,,2021,08/06,Kuskokwim River Sonar,Chinook,0,0,Sonar
Kuskokwim River Sonar,,,2021,08/07,Kuskokwim River Sonar,Chinook,0,0,Sonar
Kuskokwim River Sonar,,,2021,08/08,Kuskokwim River Sonar,Chinook,0,0,Sonar
Kuskokwim River Sonar,,,2021,08/09,Kuskokwim River Sonar,Chinook,0,0,Sonar
Kuskokwim River Sonar,,,2021,08/10,Kuskokwim River Sonar,Chinook,0,0,Sonar
Kuskokwim River Sonar,,,2021,08/11,Kuskokwim River Sonar,Chinook,0,0,Sonar
Kuskokwim River Sonar,,,2021,08/12,Kuskokwim River Sonar,Chinook,0,0,Sonar
Kuskokwim River Sonar,,,2021,08/13,Kuskokwim River Sonar,Chinook,0,0,Sonar
Kuskokwim River Sonar,,,2021,08/14,Kuskokwim River Sonar,Chinook,0,0,Sonar
Kuskokwim River Sonar,,,2021,08/15,Kuskokwim River Sonar,Chinook,0,0,Sonar
Kuskokwim River Sonar,,,2021,08/16,Kuskokwim River Sonar,Chinook,0,0,Sonar
Kuskokwim River Sonar,,,2021,08/17,Kuskokwim River Sonar,Chinook,0,0,Sonar
Kuskokwim River Sonar,,,2021,08/18,Kuskokwim River Sonar,Chinook,0,0,Sonar
Kuskokwim River Sonar,,,2021,08/19,Kuskokwim River Sonar,Chinook,0,0,Sonar
Kuskokwim River Sonar,,,2021,08/20,Kuskokwim River Sonar,Chinook,0,0,Sonar
Kuskokwim River Sonar,,,2021,08/21,Kuskokwim River Sonar,Chinook,0,0,Sonar
Kuskokwim River Sonar,,,2021,08/22,Kuskokwim River Sonar,Chinook,0,0,Sonar
Kuskokwim River Sonar,,,2021,08/23,Kuskokwim River Sonar,Chinook,0,0,Sonar
Kuskokwim River Sonar,,,2021,08/24,Kuskokwim River Sonar,Chinook,0,0,Sonar
Kuskokwim River Sonar,,,2021,08/25,Kuskokwim River Sonar,Chinook,0,0,Sonar
Kuskokwim River Sonar,,,2021,08/26,Kuskokwim River Sonar,Chinook,0,0,Sonar
Kuskokwim River Sonar,,,2022,06/02,Kuskokwim River Sonar,Chinook,197,197,Sonar
Kuskokwim River Sonar,,,2022,06/03,Kuskokwim River Sonar,Chinook,249,249,Sonar
Kuskokwim River Sonar,,,2022,06/04,Kuskokwim River Sonar,Chinook,0,0,Sonar
Kuskokwim River Sonar,,,2022,06/05,Kuskokwim River Sonar,Chinook,0,0,Sonar
Kuskokwim River Sonar,,,2022,06/06,Kuskokwim River Sonar,Chinook,0,0,Sonar
Kuskokwim River Sonar,,,2022,06/07,Kuskokwim River Sonar,Chinook,1132,1132,Sonar
Kuskokwim River Sonar,,,2022,06/08,Kuskokwim River Sonar,Chinook,1690,1690,Sonar
Kuskokwim River Sonar,,,2022,06/09,Kuskokwim River Sonar,Chinook,1721,1721,Sonar
Kuskokwim River Sonar,,,2022,06/10,Kuskokwim River Sonar,Chinook,2364,2364,Sonar
Kuskokwim River Sonar,,,2022,06/11,Kuskokwim River Sonar,Chinook,3031,3031,Sonar
Kuskokwim River Sonar,,,2022,06/12,Kuskokwim River Sonar,Chinook,3215,3215,Sonar
Kuskokwim River Sonar,,,2022,06/13,Kuskokwim River Sonar,Chinook,1625,1625,Sonar
Kuskokwim River Sonar,,,2022,06/14,Kuskokwim River Sonar,Chinook,1660,1660,Sonar
Kuskokwim River Sonar,,,2022,06/15,Kuskokwim River Sonar,Chinook,3450,3450,Sonar
Kuskokwim River Sonar,,,2022,06/16,Kuskokwim River Sonar,Chinook,2290,2290,Sonar
Kuskokwim River Sonar,,,2022,06/17,Kuskokwim River Sonar,Chinook,971,971,Sonar
Kuskokwim River Sonar,,,2022,06/18,Kuskokwim River Sonar,Chinook,2294,2294,Sonar
Kuskokwim River Sonar,,,2022,06/19,Kuskokwim River Sonar,Chinook,1920,1920,Sonar
Kuskokwim River Sonar,,,2022,06/20,Kuskokwim River Sonar,Chinook,2382,2382,Sonar
Kuskokwim River Sonar,,,2022,06/21,Kuskokwim River Sonar,Chinook,5165,5165,Sonar
Kuskokwim River Sonar,,,2022,06/22,Kuskokwim River Sonar,Chinook,23176,23176,Sonar
Kuskokwim River Sonar,,,2022,06/23,Kuskokwim River Sonar,Chinook,7103,7103,Sonar
Kuskokwim River Sonar,,,2022,06/24,Kuskokwim River Sonar,Chinook,5803,5803,Sonar
Kuskokwim River Sonar,,,2022,06/25,Kuskokwim River Sonar,Chinook,4753,4753,Sonar
Kuskokwim River Sonar,,,2022,06/26,Kuskokwim River Sonar,Chinook,6248,6248,Sonar
Kuskokwim River Sonar,,,2022,06/27,Kuskokwim River Sonar,Chinook,5751,5751,Sonar
Kuskokwim River Sonar,,,2022,06/28,Kuskokwim River Sonar,Chinook,5789,5789,Sonar
Kuskokwim River Sonar,,,2022,06/29,Kuskokwim River Sonar,Chinook,8644,8644,Sonar
Kuskokwim River Sonar,,,2022,06/30,Kuskokwim River Sonar,Chinook,885,885,Sonar
Kuskokwim River Sonar,,,2022,07/01,Kuskokwim River Sonar,Chinook,3395,3395,Sonar
Kuskokwim River Sonar,,,2022,07/02,Kuskokwim River Sonar,Chinook,2217,2217,Sonar
Kuskokwim River Sonar,,,2022,07/03,Kuskokwim River Sonar,Chinook,4815,4815,Sonar
Kuskokwim River Sonar,,,2022,07/04,Kuskokwim River Sonar,Chinook,1234,1234,Sonar
Kuskokwim River Sonar,,,2022,07/05,Kuskokwim River Sonar,Chinook,1676,1676,Sonar
Kuskokwim River Sonar,,,2022,07/06,Kuskokwim River Sonar,Chinook,2140,2140,Sonar
Kuskokwim River Sonar,,,2022,07/07,Kuskokwim River Sonar,Chinook,1782,1782,Sonar
Kuskokwim River Sonar,,,2022,07/08,Kuskokwim River Sonar,Chinook,958,958,Sonar
Kuskokwim River Sonar,,,2022,07/09,Kuskokwim River Sonar,Chinook,572,572,Sonar
Kuskokwim River Sonar,,,2022,07/10,Kuskokwim River Sonar,Chinook,672,672,Sonar
Kuskokwim River Sonar,,,2022,07/11,Kuskokwim River Sonar,Chinook,1100,1100,Sonar
Kuskokwim River Sonar,,,2022,07/12,Kuskokwim River Sonar,Chinook,4027,4027,Sonar
Kuskokwim River Sonar,,,2022,07/13,Kuskokwim River Sonar,Chinook,642,642,Sonar
Kuskokwim River Sonar,,,2022,07/14,Kuskokwim River Sonar,Chinook,1736,1736,Sonar
Kuskokwim River Sonar,,,2022,07/15,Kuskokwim River Sonar,Chinook,0,0,Sonar
Kuskokwim River Sonar,,,2022,07/16,Kuskokwim River Sonar,Chinook,6872,6872,Sonar
Kuskokwim River Sonar,,,2022,07/17,Kuskokwim River Sonar,Chinook,626,626,Sonar
Kuskokwim River Sonar,,,2022,07/18,Kuskokwim River Sonar,Chinook,723,723,Sonar
Kuskokwim River Sonar,,,2022,07/19,Kuskokwim River Sonar,Chinook,159,159,Sonar
Kuskokwim River Sonar,,,2022,07/20,Kuskokwim River Sonar,Chinook,106,106,Sonar
Kuskokwim River Sonar,,,2022,07/21,Kuskokwim River Sonar,Chinook,1237,1237,Sonar
Kuskokwim River Sonar,,,2022,07/22,Kuskokwim River Sonar,Chinook,0,0,Sonar
Kuskokwim River Sonar,,,2022,07/23,Kuskokwim River Sonar,Chinook,1532,1532,Sonar
Kuskokwim River Sonar,,,2022,07/24,Kuskokwim River Sonar,Chinook,160,160,Sonar
Kuskokwim River Sonar,,,2022,07/25,Kuskokwim River Sonar,Chinook,154,154,Sonar
Kuskokwim River Sonar,,,2022,07/26,Kuskokwim River Sonar,Chinook,0,0,Sonar
Kuskokwim River Sonar,,,2022,07/27,Kuskokwim River Sonar,Chinook,0,0,Sonar
Kuskokwim River Sonar,,,2022,07/28,Kuskokwim River Sonar,Chinook,2214,2214,Sonar
Kuskokwim River Sonar,,,2022,07/29,Kuskokwim River Sonar,Chinook,0,0,Sonar
Kuskokwim River Sonar,,,2022,07/30,Kuskokwim River Sonar,Chinook,0,0,Sonar
Kuskokwim River Sonar,,,2022,07/31,Kuskokwim River Sonar,Chinook,402,402,Sonar
Kuskokwim River Sonar,,,2022,08/01,Kuskokwim River Sonar,Chinook,0,0,Sonar
Kuskokwim River Sonar,,,2022,08/02,Kuskokwim River Sonar,Chinook,0,0,Sonar
Kuskokwim River Sonar,,,2022,08/03,Kuskokwim River Sonar,Chinook,0,0,Sonar
Kuskokwim River Sonar,,,2022,08/04,Kuskokwim River Sonar,Chinook,0,0,Sonar
Kuskokwim River Sonar,,,2022,08/05,Kuskokwim River Sonar,Chinook,397,397,Sonar
Kuskokwim River Sonar,,,2022,08/06,Kuskokwim River Sonar,Chinook,451,451,Sonar
Kuskokwim River Sonar,,,2022,08/07,Kuskokwim River Sonar,Chinook,389,389,Sonar
Kuskokwim River Sonar,,,2022,08/08,Kuskokwim River Sonar,Chinook,0,0,Sonar
Kuskokwim River Sonar,,,2022,08/09,Kuskokwim River Sonar,Chinook,0,0,Sonar
Kuskokwim River Sonar,,,2022,08/10,Kuskokwim River Sonar,Chinook,0,0,Sonar
Kuskokwim River Sonar,,,2022,08/11,Kuskokwim River Sonar,Chinook,0,0,Sonar
Kuskokwim River Sonar,,,2022,08/12,Kuskokwim River Sonar,Chinook,0,0,Sonar
Kuskokwim River Sonar,,,2022,08/13,Kuskokwim River Sonar,Chinook,0,0,Sonar
Kuskokwim River Sonar,,,2022,08/14,Kuskokwim River Sonar,Chinook,0,0,Sonar
Kuskokwim River Sonar,,,2022,08/15,Kuskokwim River Sonar,Chinook,0,0,Sonar
Kuskokwim River Sonar,,,2022,08/16,Kuskokwim River Sonar,Chinook,0,0,Sonar
Kuskokwim River Sonar,,,2022,08/17,Kuskokwim River Sonar,Chinook,0,0,Sonar
Kuskokwim River Sonar,,,2022,08/18,Kuskokwim River Sonar,Chinook,0,0,Sonar
Kuskokwim River Sonar,,,2022,08/19,Kuskokwim River Sonar,Chinook,0,0,Sonar
Kuskokwim River Sonar,,,2022,08/20,Kuskokwim River Sonar,Chinook,0,0,Sonar
Kuskokwim River Sonar,,,2022,08/21,Kuskokwim River Sonar,Chinook,0,0,Sonar
Kuskokwim River Sonar,,,2022,08/22,Kuskokwim River Sonar,Chinook,0,0,Sonar
Kuskokwim River Sonar,,,2022,08/23,Kuskokwim River Sonar,Chinook,0,0,Sonar
Kuskokwim River Sonar,,,2022,08/24,Kuskokwim River Sonar,Chinook,0,0,Sonar
Kuskokwim River Sonar,,,2022,08/25,Kuskokwim River Sonar,Chinook,0,0,Sonar
Kuskokwim River Sonar,,,2022,08/26,Kuskokwim River Sonar,Chinook,0,0,Sonar
Kuskokwim River Sonar,,,2023,06/09,Kuskokwim River Sonar,Chinook,280,280,Sonar
Kuskokwim River Sonar,,,2023,06/10,Kuskokwim River Sonar,Chinook,257,257,Sonar
Kuskokwim River Sonar,,,2023,06/11,Kuskokwim River Sonar,Chinook,2143,2143,Sonar
Kuskokwim River Sonar,,,2023,06/12,Kuskokwim River Sonar,Chinook,1648,1648,Sonar
Kuskokwim River Sonar,,,2023,06/13,Kuskokwim River Sonar,Chinook,2017,2017,Sonar
Kuskokwim River Sonar,,,2023,06/14,Kuskokwim River Sonar,Chinook,2279,2279,Sonar
Kuskokwim River Sonar,,,2023,06/15,Kuskokwim River Sonar,Chinook,2666,2666,Sonar
Kuskokwim River Sonar,,,2023,06/16,Kuskokwim River Sonar,Chinook,3093,3093,Sonar
Kuskokwim River Sonar,,,2023,06/17,Kuskokwim River Sonar,Chinook,2034,2034,Sonar
Kuskokwim River Sonar,,,2023,06/18,Kuskokwim River Sonar,Chinook,1526,1526,Sonar
Kuskokwim River Sonar,,,2023,06/19,Kuskokwim River Sonar,Chinook,2572,2572,Sonar
Kuskokwim River Sonar,,,2023,06/20,Kuskokwim River Sonar,Chinook,1578,1578,Sonar
Kuskokwim River Sonar,,,2023,06/21,Kuskokwim River Sonar,Chinook,1344,1344,Sonar
Kuskokwim River Sonar,,,2023,06/22,Kuskokwim River Sonar,Chinook,1791,1791,Sonar
Kuskokwim River Sonar,,,2023,06/23,Kuskokwim River Sonar,Chinook,1666,1666,Sonar
Kuskokwim River Sonar,,,2023,06/24,Kuskokwim River Sonar,Chinook,2821,2821,Sonar
Kuskokwim River Sonar,,,2023,06/25,Kuskokwim River Sonar,Chinook,1464,1464,Sonar
Kuskokwim River Sonar,,,2023,06/26,Kuskokwim River Sonar,Chinook,956,956,Sonar
Kuskokwim River Sonar,,,2023,06/27,Kuskokwim River Sonar,Chinook,2206,2206,Sonar
Kuskokwim River Sonar,,,2023,06/28,Kuskokwim River Sonar,Chinook,6676,6676,Sonar
Kuskokwim River Sonar,,,2023,06/29,Kuskokwim River Sonar,Chinook,3530,3530,Sonar
Kuskokwim River Sonar,,,2023,06/30,Kuskokwim River Sonar,Chinook,3097,3097,Sonar
Kuskokwim River Sonar,,,2023,07/01,Kuskokwim River Sonar,Chinook,2751,2751,Sonar
Kuskokwim River Sonar,,,2023,07/02,Kuskokwim River Sonar,Chinook,233,233,Sonar
Kuskokwim River Sonar,,,2023,07/03,Kuskokwim River Sonar,Chinook,1841,1841,Sonar
Kuskokwim River Sonar,,,2023,07/04,Kuskokwim River Sonar,Chinook,946,946,Sonar
Kuskokwim River Sonar,,,2023,07/05,Kuskokwim River Sonar,Chinook,1632,1632,Sonar
Kuskokwim River Sonar,,,2023,07/06,Kuskokwim River Sonar,Chinook,1257,1257,Sonar
Kuskokwim River Sonar,,,2023,07/07,Kuskokwim River Sonar,Chinook,3508,3508,Sonar
Kuskokwim River Sonar,,,2023,07/08,Kuskokwim River Sonar,Chinook,1004,1004,Sonar
Kuskokwim River Sonar,,,2023,07/09,Kuskokwim River Sonar,Chinook,6493,6493,Sonar
Kuskokwim River Sonar,,,2023,07/10,Kuskokwim River Sonar,Chinook,941,941,Sonar
Kuskokwim River Sonar,,,2023,07/11,Kuskokwim River Sonar,Chinook,956,956,Sonar
Kuskokwim River Sonar,,,2023,07/12,Kuskokwim River Sonar,Chinook,1717,1717,Sonar
Kuskokwim River Sonar,,,2023,07/13,Kuskokwim River Sonar,Chinook,250,250,Sonar
Kuskokwim River Sonar,,,2023,07/14,Kuskokwim River Sonar,Chinook,773,773,Sonar
Kuskokwim River Sonar,,,2023,07/15,Kuskokwim River Sonar,Chinook,669,669,Sonar
Kuskokwim River Sonar,,,2023,07/16,Kuskokwim River Sonar,Chinook,0,0,Sonar
Kuskokwim River Sonar,,,2023,07/17,Kuskokwim River Sonar,Chinook,0,0,Sonar
Kuskokwim River Sonar,,,2023,07/18,Kuskokwim River Sonar,Chinook,347,347,Sonar
Kuskokwim River Sonar,,,2023,07/19,Kuskokwim River Sonar,Chinook,488,488,Sonar
Kuskokwim River Sonar,,,2023,07/20,Kuskokwim River Sonar,Chinook,2388,2388,Sonar
Kuskokwim River Sonar,,,2023,07/21,Kuskokwim River Sonar,Chinook,894,894,Sonar
Kuskokwim River Sonar,,,2023,07/22,Kuskokwim River Sonar,Chinook,974,974,Sonar
Kuskokwim River Sonar,,,2023,07/23,Kuskokwim River Sonar,Chinook,795,795,Sonar
Kuskokwim River Sonar,,,2023,07/24,Kuskokwim River Sonar,Chinook,0,0,Sonar
Kuskokwim River Sonar,,,2023,07/25,Kuskokwim River Sonar,Chinook,0,0,Sonar
Kuskokwim River Sonar,,,2023,07/26,Kuskokwim River Sonar,Chinook,0,0,Sonar
Kuskokwim River Sonar,,,2023,07/27,Kuskokwim River Sonar,Chinook,0,0,Sonar
Kuskokwim River Sonar,,,2023,07/28,Kuskokwim River Sonar,Chinook,0,0,Sonar
Kuskokwim River Sonar,,,2023,07/29,Kuskokwim River Sonar,Chinook,0,0,Sonar
Kuskokwim River Sonar,,,2023,07/30,Kuskokwim River Sonar,Chinook,0,0,Sonar
Kuskokwim River Sonar,,,2023,07/31,Kuskokwim River Sonar,Chinook,0,0,Sonar
Kuskokwim River Sonar,,,2023,08/01,Kuskokwim River Sonar,Chinook,0,0,Sonar
Kuskokwim River Sonar,,,2023,08/02,Kuskokwim River Sonar,Chinook,0,0,Sonar
Kuskokwim River Sonar,,,2023,08/03,Kuskokwim River Sonar,Chinook,665,665,Sonar
Kuskokwim River Sonar,,,2023,08/04,Kuskokwim River Sonar,Chinook,0,0,Sonar
Kuskokwim River Sonar,,,2023,08/05,Kuskokwim River Sonar,Chinook,0,0,Sonar
Kuskokwim River Sonar,,,2023,08/06,Kuskokwim River Sonar,Chinook,0,0,Sonar
Kuskokwim River Sonar,,,2023,08/07,Kuskokwim River Sonar,Chinook,0,0,Sonar
Kuskokwim River Sonar,,,2023,08/08,Kuskokwim River Sonar,Chinook,0,0,Sonar
Kuskokwim River Sonar,,,2023,08/09,Kuskokwim River Sonar,Chinook,0,0,Sonar
Kuskokwim River Sonar,,,2023,08/10,Kuskokwim River Sonar,Chinook,0,0,Sonar
Kuskokwim River Sonar,,,2023,08/11,Kuskokwim River Sonar,Chinook,0,0,Sonar
Kuskokwim River Sonar,,,2023,08/12,Kuskokwim River Sonar,Chinook,0,0,Sonar
Kuskokwim River Sonar,,,2023,08/13,Kuskokwim River Sonar,Chinook,0,0,Sonar
Kuskokwim River Sonar,,,2023,08/14,Kuskokwim River Sonar,Chinook,0,0,Sonar
Kuskokwim River Sonar,,,2023,08/15,Kuskokwim River Sonar,Chinook,0,0,Sonar
Kuskokwim River Sonar,,,2023,08/16,Kuskokwim River Sonar,Chinook,0,0,Sonar
Kuskokwim River Sonar,,,2023,08/17,Kuskokwim River Sonar,Chinook,0,0,Sonar
Kuskokwim River Sonar,,,2023,08/18,Kuskokwim River Sonar,Chinook,0,0,Sonar
Kuskokwim River Sonar,,,2023,08/19,Kuskokwim River Sonar,Chinook,0,0,Sonar
Kuskokwim River Sonar,,,2023,08/20,Kuskokwim River Sonar,Chinook,0,0,Sonar
Kuskokwim River Sonar,,,2023,08/21,Kuskokwim River Sonar,Chinook,0,0,Sonar
Kuskokwim River Sonar,,,2023,08/22,Kuskokwim River Sonar,Chinook,0,0,Sonar
Kuskokwim River Sonar,,,2023,08/23,Kuskokwim River Sonar,Chinook,0,0,Sonar
Kuskokwim River Sonar,,,2023,08/24,Kuskokwim River Sonar,Chinook,0,0,Sonar
Kuskokwim River Sonar,,,2023,08/25,Kuskokwim River Sonar,Chinook,0,0,Sonar
Kuskokwim River Sonar,,,2023,08/26,Kuskokwim River Sonar,Chinook,0,0,Sonar
Kuskokwim River Sonar,,,2024,06/03,Kuskokwim River Sonar,Chinook,587,587,Sonar
Kuskokwim River Sonar,,,2024,06/04,Kuskokwim River Sonar,Chinook,623,623,Sonar
Kuskokwim River Sonar,,,2024,06/05,Kuskokwim River Sonar,Chinook,649,649,Sonar
Kuskokwim River Sonar,,,2024,06/06,Kuskokwim River Sonar,Chinook,1131,1131,Sonar
Kuskokwim River Sonar,,,2024,06/07,Kuskokwim River Sonar,Chinook,803,803,Sonar
Kuskokwim River Sonar,,,2024,06/08,Kuskokwim River Sonar,Chinook,1136,1136,Sonar
Kuskokwim River Sonar,,,2024,06/09,Kuskokwim River Sonar,Chinook,1281,1281,Sonar
Kuskokwim River Sonar,,,2024,06/10,Kuskokwim River Sonar,Chinook,821,821,Sonar
Kuskokwim River Sonar,,,2024,06/11,Kuskokwim River Sonar,Chinook,1140,1140,Sonar
Kuskokwim River Sonar,,,2024,06/12,Kuskokwim River Sonar,Chinook,1161,1161,Sonar
Kuskokwim River Sonar,,,2024,06/13,Kuskokwim River Sonar,Chinook,1108,1108,Sonar
Kuskokwim River Sonar,,,2024,06/14,Kuskokwim River Sonar,Chinook,1569,1569,Sonar
Kuskokwim River Sonar,,,2024,06/15,Kuskokwim River Sonar,Chinook,1178,1178,Sonar
Kuskokwim River Sonar,,,2024,06/16,Kuskokwim River Sonar,Chinook,897,897,Sonar
Kuskokwim River Sonar,,,2024,06/17,Kuskokwim River Sonar,Chinook,1612,1612,Sonar
Kuskokwim River Sonar,,,2024,06/18,Kuskokwim River Sonar,Chinook,2156,2156,Sonar
Kuskokwim River Sonar,,,2024,06/19,Kuskokwim River Sonar,Chinook,6045,6045,Sonar
Kuskokwim River Sonar,,,2024,06/20,Kuskokwim River Sonar,Chinook,2024,2024,Sonar
Kuskokwim River Sonar,,,2024,06/21,Kuskokwim River Sonar,Chinook,2323,2323,Sonar
Kuskokwim River Sonar,,,2024,06/22,Kuskokwim River Sonar,Chinook,6513,6513,Sonar
Kuskokwim River Sonar,,,2024,06/23,Kuskokwim River Sonar,Chinook,612,612,Sonar
Kuskokwim River Sonar,,,2024,06/24,Kuskokwim River Sonar,Chinook,2920,2920,Sonar
Kuskokwim River Sonar,,,2024,06/25,Kuskokwim River Sonar,Chinook,3364,3364,Sonar
Kuskokwim River Sonar,,,2024,06/26,Kuskokwim River Sonar,Chinook,5297,5297,Sonar
Kuskokwim River Sonar,,,2024,06/27,Kuskokwim River Sonar,Chinook,1797,1797,Sonar
Kuskokwim River Sonar,,,2024,06/28,Kuskokwim River Sonar,Chinook,4759,4759,Sonar
Kuskokwim River Sonar,,,2024,06/29,Kuskokwim River Sonar,Chinook,3832,3832,Sonar
Kuskokwim River Sonar,,,2024,06/30,Kuskokwim River Sonar,Chinook,6324,6324,Sonar
Kuskokwim River Sonar,,,2024,07/01,Kuskokwim River Sonar,Chinook,5046,5046,Sonar
Kuskokwim River Sonar,,,2024,07/02,Kuskokwim River Sonar,Chinook,3909,3909,Sonar
Kuskokwim River Sonar,,,2024,07/03,Kuskokwim River Sonar,Chinook,6994,6994,Sonar
Kuskokwim River Sonar,,,2024,07/04,Kuskokwim River Sonar,Chinook,10316,10316,Sonar
Kuskokwim River Sonar,,,2024,07/05,Kuskokwim River Sonar,Chinook,5305,5305,Sonar
Kuskokwim River Sonar,,,2024,07/06,Kuskokwim River Sonar,Chinook,3643,3643,Sonar
Kuskokwim River Sonar,,,2024,07/07,Kuskokwim River Sonar,Chinook,10574,10574,Sonar
Kuskokwim River Sonar,,,2024,07/08,Kuskokwim River Sonar,Chinook,4968,4968,Sonar
Kuskokwim River Sonar,,,2024,07/09,Kuskokwim River Sonar,Chinook,2440,2440,Sonar
Kuskokwim River Sonar,,,2024,07/10,Kuskokwim River Sonar,Chinook,3874,3874,Sonar
Kuskokwim River Sonar,,,2024,07/11,Kuskokwim River Sonar,Chinook,2997,2997,Sonar
Kuskokwim River Sonar,,,2024,07/12,Kuskokwim River Sonar,Chinook,2140,2140,Sonar
Kuskokwim River Sonar,,,2024,07/13,Kuskokwim River Sonar,Chinook,3071,3071,Sonar
Kuskokwim River Sonar,,,2024,07/14,Kuskokwim River Sonar,Chinook,3249,3249,Sonar
Kuskokwim River Sonar,,,2024,07/15,Kuskokwim River Sonar,Chinook,2086,2086,Sonar
Kuskokwim River Sonar,,,2024,07/16,Kuskokwim River Sonar,Chinook,1843,1843,Sonar
Kuskokwim River Sonar,,,2024,07/17,Kuskokwim River Sonar,Chinook,0,0,Sonar
Kuskokwim River Sonar,,,2024,07/18,Kuskokwim River Sonar,Chinook,0,0,Sonar
Kuskokwim River Sonar,,,2024,07/19,Kuskokwim River Sonar,Chinook,1222,1222,Sonar
Kuskokwim River Sonar,,,2024,07/20,Kuskokwim River Sonar,Chinook,1044,1044,Sonar
Kuskokwim River Sonar,,,2024,07/21,Kuskokwim River Sonar,Chinook,1147,1147,Sonar
Kuskokwim River Sonar,,,2024,07/22,Kuskokwim River Sonar,Chinook,707,707,Sonar
Kuskokwim River Sonar,,,2024,07/23,Kuskokwim River Sonar,Chinook,1360,1360,Sonar
Kuskokwim River Sonar,,,2024,07/24,Kuskokwim River Sonar,Chinook,1065,1065,Sonar
Kuskokwim River Sonar,,,2024,07/25,Kuskokwim River Sonar,Chinook,0,0,Sonar
Kuskokwim River Sonar,,,2025,06/03,Kuskokwim River Sonar,Chinook,840,840,Sonar
Kuskokwim River Sonar,,,2025,06/04,Kuskokwim River Sonar,Chinook,1076,1076,Sonar
Kuskokwim River Sonar,,,2025,06/05,Kuskokwim River Sonar,Chinook,2229,2229,Sonar
Kuskokwim River Sonar,,,2025,06/06,Kuskokwim River Sonar,Chinook,2211,2211,Sonar
Kuskokwim River Sonar,,,2025,06/07,Kuskokwim River Sonar,Chinook,1441,1441,Sonar
Kuskokwim River Sonar,,,2025,06/08,Kuskokwim River Sonar,Chinook,1596,1596,Sonar
Kuskokwim River Sonar,,,2025,06/09,Kuskokwim River Sonar,Chinook,2273,2273,Sonar
Kuskokwim River Sonar,,,2025,06/10,Kuskokwim River Sonar,Chinook,2868,2868,Sonar
Kuskokwim River Sonar,,,2025,06/11,Kuskokwim River Sonar,Chinook,3412,3412,Sonar
Kuskokwim River Sonar,,,2025,06/12,Kuskokwim River Sonar,Chinook,3246,3246,Sonar
Kuskokwim River Sonar,,,2025,06/13,Kuskokwim River Sonar,Chinook,2235,2235,Sonar
Kuskokwim River Sonar,,,2025,06/14,Kuskokwim River Sonar,Chinook,5390,5390,Sonar
Kuskokwim River Sonar,,,2025,06/15,Kuskokwim River Sonar,Chinook,3640,3640,Sonar
Kuskokwim River Sonar,,,2025,06/16,Kuskokwim River Sonar,Chinook,4693,4693,Sonar
Kuskokwim River Sonar,,,2025,06/17,Kuskokwim River Sonar,Chinook,2342,2342,Sonar
Kuskokwim River Sonar,,,2025,06/18,Kuskokwim River Sonar,Chinook,1893,1893,Sonar
Kuskokwim River Sonar,,,2025,06/19,Kuskokwim River Sonar,Chinook,1055,1055,Sonar
Kuskokwim River Sonar,,,2025,06/20,Kuskokwim River Sonar,Chinook,134,134,Sonar
Kuskokwim River Sonar,,,2025,06/21,Kuskokwim River Sonar,Chinook,1733,1733,Sonar
Kuskokwim River Sonar,,,2025,06/22,Kuskokwim River Sonar,Chinook,1919,1919,Sonar
Kuskokwim River Sonar,,,2025,06/23,Kuskokwim River Sonar,Chinook,1475,1475,Sonar
Kuskokwim River Sonar,,,2025,06/24,Kuskokwim River Sonar,Chinook,604,604,Sonar
Kuskokwim River Sonar,,,2025,06/25,Kuskokwim River Sonar,Chinook,7653,7653,Sonar
Kuskokwim River Sonar,,,2025,06/26,Kuskokwim River Sonar,Chinook,5081,5081,Sonar
Kuskokwim River Sonar,,,2025,06/27,Kuskokwim River Sonar,Chinook,1304,1304,Sonar
Kuskokwim River Sonar,,,2025,06/28,Kuskokwim River Sonar,Chinook,2789,2789,Sonar
Kuskokwim River Sonar,,,2025,06/29,Kuskokwim River Sonar,Chinook,2448,2448,Sonar
Kuskokwim River Sonar,,,2025,06/30,Kuskokwim River Sonar,Chinook,5008,5008,Sonar
Kuskokwim River Sonar,,,2025,07/01,Kuskokwim River Sonar,Chinook,3750,3750,Sonar
Kuskokwim River Sonar,,,2025,07/02,Kuskokwim River Sonar,Chinook,2863,2863,Sonar
Kuskokwim River Sonar,,,2025,07/03,Kuskokwim River Sonar,Chinook,2308,2308,Sonar
Kuskokwim River Sonar,,,2025,07/04,Kuskokwim River Sonar,Chinook,2840,2840,Sonar
Kuskokwim River Sonar,,,2025,07/05,Kuskokwim River Sonar,Chinook,1151,1151,Sonar
Kuskokwim River Sonar,,,2025,07/06,Kuskokwim River Sonar,Chinook,2804,2804,Sonar
Kuskokwim River Sonar,,,2025,07/07,Kuskokwim River Sonar,Chinook,1577,1577,Sonar
Kuskokwim River Sonar,,,2025,07/08,Kuskokwim River Sonar,Chinook,5969,5969,Sonar
Kuskokwim River Sonar,,,2025,07/09,Kuskokwim River Sonar,Chinook,6089,6089,Sonar
Kuskokwim River Sonar,,,2025,07/10,Kuskokwim River Sonar,Chinook,4135,4135,Sonar
Kuskokwim River Sonar,,,2025,07/11,Kuskokwim River Sonar,Chinook,2040,2040,Sonar
Kuskokwim River Sonar,,,2025,07/12,Kuskokwim River Sonar,Chinook,2064,2064,Sonar
Kuskokwim River Sonar,,,2025,07/13,Kuskokwim River Sonar,Chinook,405,405,Sonar
Kuskokwim River Sonar,,,2025,07/14,Kuskokwim River Sonar,Chinook,2604,2604,Sonar
Kuskokwim River Sonar,,,2025,07/15,Kuskokwim River Sonar,Chinook,0,0,Sonar
Kuskokwim River Sonar,,,2025,07/16,Kuskokwim River Sonar,Chinook,671,671,Sonar
Kuskokwim River Sonar,,,2025,07/17,Kuskokwim River Sonar,Chinook,0,0,Sonar
Kuskokwim River Sonar,,,2025,07/18,Kuskokwim River Sonar,Chinook,0,0,Sonar
Kuskokwim River Sonar,,,2025,07/19,Kuskokwim River Sonar,Chinook,0,0,Sonar
Kuskokwim River Sonar,,,2025,07/20,Kuskokwim River Sonar,Chinook,602,602,Sonar
Kuskokwim River Sonar,,,2025,07/21,Kuskokwim River Sonar,Chinook,2387,2387,Sonar
Kuskokwim River Sonar,,,2025,07/22,Kuskokwim River Sonar,Chinook,1231,1231,Sonar
Kuskokwim River Sonar,,,2025,07/23,Kuskokwim River Sonar,Chinook,748,748,Sonar
Kuskokwim River Sonar,,,2025,07/24,Kuskokwim River Sonar,Chinook,0,0,Sonar
Kuskokwim River Sonar,,,2025,07/25,Kuskokwim River Sonar,Chinook,0,0,Sonar
Kuskokwim River Sonar,,,2025,07/26,Kuskokwim River Sonar,Chinook,0,0,Sonar
Kuskokwim River Sonar,,,2025,07/27,Kuskokwim River Sonar,Chinook,509,509,Sonar
Kuskokwim River Sonar,,,2025,07/28,Kuskokwim River Sonar,Chinook,0,0,Sonar
Kuskokwim River Sonar,,,2025,07/29,Kuskokwim River Sonar,Chinook,0,0,Sonar
Kuskokwim River Sonar,,,2025,07/30,Kuskokwim River Sonar,Chinook,818,818,Sonar
Kuskokwim River Sonar,,,2025,07/31,Kuskokwim River Sonar,Chinook,0,0,Sonar
Kuskokwim River Sonar,,,2025,08/01,Kuskokwim River Sonar,Chinook,0,0,Sonar
Kuskokwim River Sonar,,,2025,08/02,Kuskokwim River Sonar,Chinook,0,0,Sonar
Kuskokwim River Sonar,,,2025,08/03,Kuskokwim River Sonar,Chinook,0,0,Sonar
Kuskokwim River Sonar,,,2025,08/04,Kuskokwim River Sonar,Chinook,0,0,Sonar
Kuskokwim River Sonar,,,2025,08/05,Kuskokwim River Sonar,Chinook,0,0,Sonar
Kuskokwim River Sonar,,,2025,08/06,Kuskokwim River Sonar,Chinook,0,0,Sonar
Kuskokwim River Sonar,,,2025,08/07,Kuskokwim River Sonar,Chinook,0,0,Sonar
Kuskokwim River Sonar,,,2025,08/08,Kuskokwim River Sonar,Chinook,0,0,Sonar
Kuskokwim River Sonar,,,2025,08/09,Kuskokwim River Sonar,Chinook,0,0,Sonar
Kuskokwim River Sonar,,,2025,08/10,Kuskokwim River Sonar,Chinook,0,0,Sonar
Kuskokwim River Sonar,,,2025,08/11,Kuskokwim River Sonar,Chinook,0,0,Sonar
Kuskokwim River Sonar,,,2025,08/12,Kuskokwim River Sonar,Chinook,0,0,Sonar
Kuskokwim River Sonar,,,2025,08/13,Kuskokwim River Sonar,Chinook,0,0,Sonar
Kuskokwim River Sonar,,,2025,08/14,Kuskokwim River Sonar,Chinook,0,0,Sonar
Kuskokwim River Sonar,,,2025,08/15,Kuskokwim River Sonar,Chinook,0,0,Sonar
Kuskokwim River Sonar,,,2025,08/16,Kuskokwim River Sonar,Chinook,0,0,Sonar
Kuskokwim River Sonar,,,2025,08/17,Kuskokwim River Sonar,Chinook,0,0,Sonar
Kuskokwim River Sonar,,,2025,08/18,Kuskokwim River Sonar,Chinook,0,0,Sonar
Kuskokwim River Sonar,,,2025,08/19,Kuskokwim River Sonar,Chinook,0,0,Sonar
Kuskokwim River Sonar,,,2025,08/20,Kuskokwim River Sonar,Chinook,0,0,Sonar
Kuskokwim River Sonar,,,2025,08/21,Kuskokwim River Sonar,Chinook,0,0,Sonar
Kuskokwim River Sonar,,,2025,08/22,Kuskokwim River Sonar,Chinook,0,0,Sonar
Kuskokwim River Sonar,,,2025,08/23,Kuskokwim River Sonar,Chinook,0,0,Sonar
Kuskokwim River Sonar,,,2025,08/24,Kuskokwim River Sonar,Chinook,0,0,Sonar