Project,Observation Year,Observation Month/Day,Location,Species,Daily Count,Cumulative Count,Cumulative
Eldorado River Escapement,1995,07/07,Eldorado River,Chinook,0,0,0
Eldorado River Escapement,1995,07/08,Eldorado River,Chinook,0,0,0
Eldorado River Escapement,1995,07/09,Eldorado River,Chinook,0,0,0
Eldorado River Escapement,1995,07/10,Eldorado River,Chinook,0,0,0
Eldorado River Escapement,1995,07/11,Eldorado River,Chinook,0,0,0
Eldorado River Escapement,1995,07/12,Eldorado River,Chinook,12,12,12
Eldorado River Escapement,1995,07/13,Eldorado River,Chinook,4,4,16
Eldorado River Escapement,1995,07/14,Eldorado River,Chinook,0,0,16
Eldorado River Escapement,1995,07/15,Eldorado River,Chinook,2,2,18
Eldorado River Escapement,1995,07/16,Eldorado River,Chinook,0,0,18
Eldorado River Escapement,1995,07/17,Eldorado River,Chinook,0,0,18
Eldorado River Escapement,1995,07/18,Eldorado River,Chinook,0,0,18
Eldorado River Escapement,1995,07/19,Eldorado River,Chinook,0,0,18
Eldorado River Escapement,1995,07/20,Eldorado River,Chinook,0,0,18
Eldorado River Escapement,1995,07/21,Eldorado River,Chinook,2,2,20
Eldorado River Escapement,1995,07/22,Eldorado River,Chinook,0,0,20
Eldorado River Escapement,1995,07/23,Eldorado River,Chinook,0,0,20
Eldorado River Escapement,1995,07/24,Eldorado River,Chinook,0,0,20
Eldorado River Escapement,1995,07/25,Eldorado River,Chinook,0,0,20
Eldorado River Escapement,1995,07/26,Eldorado River,Chinook,0,0,20
Eldorado River Escapement,1995,07/27,Eldorado River,Chinook,0,0,20
Eldorado River Escapement,1995,07/28,Eldorado River,Chinook,0,0,20
Eldorado River Escapement,1995,07/29,Eldorado River,Chinook,0,0,20
Eldorado River Escapement,1995,07/30,Eldorado River,Chinook,0,0,20
Eldorado River Escapement,1995,07/31,Eldorado River,Chinook,0,0,20
Eldorado River Escapement,1995,08/01,Eldorado River,Chinook,0,0,20
Eldorado River Escapement,1995,08/02,Eldorado River,Chinook,0,0,20
Eldorado River Escapement,1995,08/03,Eldorado River,Chinook,2,2,22
Eldorado River Escapement,1995,08/04,Eldorado River,Chinook,0,0,22
Eldorado River Escapement,1995,08/05,Eldorado River,Chinook,0,0,22
Eldorado River Escapement,1995,08/06,Eldorado River,Chinook,0,0,22
Eldorado River Escapement,1995,08/07,Eldorado River,Chinook,0,0,22
Eldorado River Escapement,1995,08/08,Eldorado River,Chinook,0,0,22
Eldorado River Escapement,1995,08/09,Eldorado River,Chinook,0,0,22
Eldorado River Escapement,1996,06/30,Eldorado River,Chinook,6,6,6
Eldorado River Escapement,1996,07/01,Eldorado River,Chinook,0,0,6
Eldorado River Escapement,1996,07/02,Eldorado River,Chinook,-2,-2,4
Eldorado River Escapement,1996,07/03,Eldorado River,Chinook,6,6,10
Eldorado River Escapement,1996,07/04,Eldorado River,Chinook,0,0,10
Eldorado River Escapement,1996,07/05,Eldorado River,Chinook,4,4,14
Eldorado River Escapement,1996,07/06,Eldorado River,Chinook,4,4,18
Eldorado River Escapement,1996,07/07,Eldorado River,Chinook,4,4,22
Eldorado River Escapement,1996,07/08,Eldorado River,Chinook,0,0,22
Eldorado River Escapement,1996,07/09,Eldorado River,Chinook,6,6,28
Eldorado River Escapement,1996,07/10,Eldorado River,Chinook,0,0,28
Eldorado River Escapement,1996,07/11,Eldorado River,Chinook,-1,-1,27
Eldorado River Escapement,1996,07/12,Eldorado River,Chinook,0,0,27
Eldorado River Escapement,1996,07/13,Eldorado River,Chinook,0,0,27
Eldorado River Escapement,1996,07/14,Eldorado River,Chinook,0,0,27
Eldorado River Escapement,1996,07/15,Eldorado River,Chinook,0,0,27
Eldorado River Escapement,1996,07/16,Eldorado River,Chinook,0,0,27
Eldorado River Escapement,1996,07/17,Eldorado River,Chinook,0,0,27
Eldorado River Escapement,1996,07/18,Eldorado River,Chinook,0,0,27
Eldorado River Escapement,1996,07/19,Eldorado River,Chinook,0,0,27
Eldorado River Escapement,1996,07/20,Eldorado River,Chinook,0,0,27
Eldorado River Escapement,1996,07/21,Eldorado River,Chinook,0,0,27
Eldorado River Escapement,1996,07/22,Eldorado River,Chinook,0,0,27
Eldorado River Escapement,1996,07/23,Eldorado River,Chinook,0,0,27
Eldorado River Escapement,1996,07/24,Eldorado River,Chinook,0,0,27
Eldorado River Escapement,1996,07/25,Eldorado River,Chinook,0,0,27
Eldorado River Escapement,1996,07/26,Eldorado River,Chinook,0,0,27
Eldorado River Escapement,1996,07/27,Eldorado River,Chinook,0,0,27
Eldorado River Escapement,1996,07/28,Eldorado River,Chinook,0,0,27
Eldorado River Escapement,1996,07/29,Eldorado River,Chinook,0,0,27
Eldorado River Escapement,1996,07/30,Eldorado River,Chinook,0,0,27
Eldorado River Escapement,1996,07/31,Eldorado River,Chinook,0,0,27
Eldorado River Escapement,1996,08/01,Eldorado River,Chinook,0,0,27
Eldorado River Escapement,1996,08/02,Eldorado River,Chinook,0,0,27
Eldorado River Escapement,1996,08/03,Eldorado River,Chinook,0,0,27
Eldorado River Escapement,1996,08/04,Eldorado River,Chinook,0,0,27
Eldorado River Escapement,1996,08/05,Eldorado River,Chinook,0,0,27
Eldorado River Escapement,1996,08/06,Eldorado River,Chinook,0,0,27
Eldorado River Escapement,1996,08/07,Eldorado River,Chinook,0,0,27
Eldorado River Escapement,1996,08/08,Eldorado River,Chinook,0,0,27
Eldorado River Escapement,1996,08/09,Eldorado River,Chinook,0,0,27
Eldorado River Escapement,1996,08/10,Eldorado River,Chinook,0,0,27
Eldorado River Escapement,1996,08/11,Eldorado River,Chinook,0,0,27
Eldorado River Escapement,1996,08/12,Eldorado River,Chinook,0,0,27
Eldorado River Escapement,1996,08/13,Eldorado River,Chinook,0,0,27
Eldorado River Escapement,1996,08/14,Eldorado River,Chinook,0,0,27
Eldorado River Escapement,1996,08/15,Eldorado River,Chinook,0,0,27
Eldorado River Escapement,1996,08/16,Eldorado River,Chinook,0,0,27
Eldorado River Escapement,1996,08/17,Eldorado River,Chinook,0,0,27
Eldorado River Escapement,1996,08/18,Eldorado River,Chinook,0,0,27
Eldorado River Escapement,1996,08/19,Eldorado River,Chinook,0,0,27
Eldorado River Escapement,1996,08/20,Eldorado River,Chinook,0,0,27
Eldorado River Escapement,1997,06/29,Eldorado River,Chinook,1,1,1
Eldorado River Escapement,1997,06/30,Eldorado River,Chinook,6,6,7
Eldorado River Escapement,1997,07/01,Eldorado River,Chinook,10,10,17
Eldorado River Escapement,1997,07/02,Eldorado River,Chinook,-1,-1,16
Eldorado River Escapement,1997,07/03,Eldorado River,Chinook,1,1,17
Eldorado River Escapement,1997,07/04,Eldorado River,Chinook,1,1,18
Eldorado River Escapement,1997,07/05,Eldorado River,Chinook,1,1,19
Eldorado River Escapement,1997,07/06,Eldorado River,Chinook,3,3,22
Eldorado River Escapement,1997,07/07,Eldorado River,Chinook,16,16,38
Eldorado River Escapement,1997,07/08,Eldorado River,Chinook,0,0,38
Eldorado River Escapement,1997,07/09,Eldorado River,Chinook,0,0,38
Eldorado River Escapement,1997,07/10,Eldorado River,Chinook,2,2,40
Eldorado River Escapement,1997,07/11,Eldorado River,Chinook,3,3,43
Eldorado River Escapement,1997,07/12,Eldorado River,Chinook,-4,-4,39
Eldorado River Escapement,1997,07/13,Eldorado River,Chinook,2,2,41
Eldorado River Escapement,1997,07/14,Eldorado River,Chinook,4,4,45
Eldorado River Escapement,1997,07/15,Eldorado River,Chinook,-2,-2,43
Eldorado River Escapement,1997,07/16,Eldorado River,Chinook,10,10,53
Eldorado River Escapement,1997,07/17,Eldorado River,Chinook,0,0,53
Eldorado River Escapement,1997,07/18,Eldorado River,Chinook,1,1,54
Eldorado River Escapement,1997,07/19,Eldorado River,Chinook,7,7,61
Eldorado River Escapement,1997,07/20,Eldorado River,Chinook,8,8,69
Eldorado River Escapement,1997,07/21,Eldorado River,Chinook,9,9,78
Eldorado River Escapement,1997,07/22,Eldorado River,Chinook,8,8,86
Eldorado River Escapement,1997,07/23,Eldorado River,Chinook,3,3,89
Eldorado River Escapement,1997,07/24,Eldorado River,Chinook,4,4,93
Eldorado River Escapement,1997,07/25,Eldorado River,Chinook,1,1,94
Eldorado River Escapement,1997,07/26,Eldorado River,Chinook,1,1,95
Eldorado River Escapement,1997,07/27,Eldorado River,Chinook,1,1,96
Eldorado River Escapement,1997,07/28,Eldorado River,Chinook,1,1,97
Eldorado River Escapement,1997,07/29,Eldorado River,Chinook,1,1,98
Eldorado River Escapement,1997,07/30,Eldorado River,Chinook,1,1,99
Eldorado River Escapement,1997,07/31,Eldorado River,Chinook,2,2,101
Eldorado River Escapement,1997,08/01,Eldorado River,Chinook,0,0,101
Eldorado River Escapement,1997,08/02,Eldorado River,Chinook,-2,-2,99
Eldorado River Escapement,1997,08/03,Eldorado River,Chinook,-1,-1,98
Eldorado River Escapement,1997,08/04,Eldorado River,Chinook,0,0,98
Eldorado River Escapement,1997,08/05,Eldorado River,Chinook,0,0,98
Eldorado River Escapement,1997,08/06,Eldorado River,Chinook,0,0,98
Eldorado River Escapement,1997,08/07,Eldorado River,Chinook,0,0,98
Eldorado River Escapement,1997,08/08,Eldorado River,Chinook,0,0,98
Eldorado River Escapement,1997,08/09,Eldorado River,Chinook,0,0,98
Eldorado River Escapement,1997,08/10,Eldorado River,Chinook,0,0,98
Eldorado River Escapement,1997,08/11,Eldorado River,Chinook,0,0,98
Eldorado River Escapement,1997,08/12,Eldorado River,Chinook,0,0,98
Eldorado River Escapement,1997,08/13,Eldorado River,Chinook,0,0,98
Eldorado River Escapement,1997,08/14,Eldorado River,Chinook,0,0,98
Eldorado River Escapement,1997,08/15,Eldorado River,Chinook,0,0,98
Eldorado River Escapement,1997,08/16,Eldorado River,Chinook,0,0,98
Eldorado River Escapement,1997,08/17,Eldorado River,Chinook,0,0,98
Eldorado River Escapement,1997,08/18,Eldorado River,Chinook,0,0,98
Eldorado River Escapement,1997,08/19,Eldorado River,Chinook,0,0,98
Eldorado River Escapement,1998,06/29,Eldorado River,Chinook,0,0,0
Eldorado River Escapement,1998,06/30,Eldorado River,Chinook,2,2,2
Eldorado River Escapement,1998,07/01,Eldorado River,Chinook,0,0,2
Eldorado River Escapement,1998,07/02,Eldorado River,Chinook,0,0,2
Eldorado River Escapement,1998,07/03,Eldorado River,Chinook,0,0,2
Eldorado River Escapement,1998,07/04,Eldorado River,Chinook,2,2,4
Eldorado River Escapement,1998,07/05,Eldorado River,Chinook,2,2,6
Eldorado River Escapement,1998,07/06,Eldorado River,Chinook,1,1,7
Eldorado River Escapement,1998,07/07,Eldorado River,Chinook,0,0,7
Eldorado River Escapement,1998,07/08,Eldorado River,Chinook,0,0,7
Eldorado River Escapement,1998,07/09,Eldorado River,Chinook,9,9,16
Eldorado River Escapement,1998,07/10,Eldorado River,Chinook,16,16,32
Eldorado River Escapement,1998,07/11,Eldorado River,Chinook,264,264,296
Eldorado River Escapement,1998,07/12,Eldorado River,Chinook,25,25,321
Eldorado River Escapement,1998,07/13,Eldorado River,Chinook,19,19,340
Eldorado River Escapement,1998,07/14,Eldorado River,Chinook,19,19,359
Eldorado River Escapement,1998,07/15,Eldorado River,Chinook,19,19,378
Eldorado River Escapement,1998,07/16,Eldorado River,Chinook,19,19,397
Eldorado River Escapement,1998,07/17,Eldorado River,Chinook,17,17,414
Eldorado River Escapement,1998,07/18,Eldorado River,Chinook,12,12,426
Eldorado River Escapement,1998,07/19,Eldorado River,Chinook,0,0,426
Eldorado River Escapement,1998,07/20,Eldorado River,Chinook,0,0,426
Eldorado River Escapement,1998,07/21,Eldorado River,Chinook,4,4,430
Eldorado River Escapement,1998,07/22,Eldorado River,Chinook,2,2,432
Eldorado River Escapement,1998,07/23,Eldorado River,Chinook,0,0,432
Eldorado River Escapement,1998,07/24,Eldorado River,Chinook,2,2,434
Eldorado River Escapement,1998,07/25,Eldorado River,Chinook,0,0,434
Eldorado River Escapement,1998,07/26,Eldorado River,Chinook,2,2,436
Eldorado River Escapement,1998,07/27,Eldorado River,Chinook,0,0,436
Eldorado River Escapement,1998,07/28,Eldorado River,Chinook,4,4,440
Eldorado River Escapement,1998,07/29,Eldorado River,Chinook,2,2,442
Eldorado River Escapement,1998,07/30,Eldorado River,Chinook,0,0,442
Eldorado River Escapement,1998,07/31,Eldorado River,Chinook,0,0,442
Eldorado River Escapement,1998,08/01,Eldorado River,Chinook,0,0,442
Eldorado River Escapement,1998,08/02,Eldorado River,Chinook,0,0,442
Eldorado River Escapement,1998,08/03,Eldorado River,Chinook,0,0,442
Eldorado River Escapement,1998,08/04,Eldorado River,Chinook,0,0,442
Eldorado River Escapement,1998,08/05,Eldorado River,Chinook,0,0,442
Eldorado River Escapement,1998,08/06,Eldorado River,Chinook,0,0,442
Eldorado River Escapement,1998,08/07,Eldorado River,Chinook,0,0,442
Eldorado River Escapement,1998,08/08,Eldorado River,Chinook,2,2,444
Eldorado River Escapement,1998,08/09,Eldorado River,Chinook,2,2,446
Eldorado River Escapement,1998,08/10,Eldorado River,Chinook,0,0,446
Eldorado River Escapement,1998,08/11,Eldorado River,Chinook,0,0,446
Eldorado River Escapement,1998,08/12,Eldorado River,Chinook,0,0,446
Eldorado River Escapement,1999,07/10,Eldorado River,Chinook,0,0,0
Eldorado River Escapement,1999,07/11,Eldorado River,Chinook,0,0,0
Eldorado River Escapement,1999,07/12,Eldorado River,Chinook,0,0,0
Eldorado River Escapement,1999,07/13,Eldorado River,Chinook,0,0,0
Eldorado River Escapement,1999,07/14,Eldorado River,Chinook,0,0,0
Eldorado River Escapement,1999,07/15,Eldorado River,Chinook,4,4,4
Eldorado River Escapement,1999,07/16,Eldorado River,Chinook,1,1,5
Eldorado River Escapement,1999,07/17,Eldorado River,Chinook,0,0,5
Eldorado River Escapement,1999,07/18,Eldorado River,Chinook,0,0,5
Eldorado River Escapement,1999,07/19,Eldorado River,Chinook,4,4,9
Eldorado River Escapement,1999,07/20,Eldorado River,Chinook,2,2,11
Eldorado River Escapement,1999,07/21,Eldorado River,Chinook,4,4,15
Eldorado River Escapement,1999,07/22,Eldorado River,Chinook,0,0,15
Eldorado River Escapement,1999,07/23,Eldorado River,Chinook,2,2,17
Eldorado River Escapement,1999,07/24,Eldorado River,Chinook,1,1,18
Eldorado River Escapement,1999,07/25,Eldorado River,Chinook,0,0,18
Eldorado River Escapement,1999,07/26,Eldorado River,Chinook,0,0,18
Eldorado River Escapement,1999,07/27,Eldorado River,Chinook,0,0,18
Eldorado River Escapement,1999,07/28,Eldorado River,Chinook,0,0,18
Eldorado River Escapement,1999,07/29,Eldorado River,Chinook,0,0,18
Eldorado River Escapement,1999,07/30,Eldorado River,Chinook,0,0,18
Eldorado River Escapement,1999,07/31,Eldorado River,Chinook,0,0,18
Eldorado River Escapement,1999,08/01,Eldorado River,Chinook,0,0,18
Eldorado River Escapement,1999,08/02,Eldorado River,Chinook,0,0,18
Eldorado River Escapement,1999,08/03,Eldorado River,Chinook,0,0,18
Eldorado River Escapement,1999,08/04,Eldorado River,Chinook,0,0,18
Eldorado River Escapement,1999,08/05,Eldorado River,Chinook,0,0,18
Eldorado River Escapement,1999,08/06,Eldorado River,Chinook,0,0,18
Eldorado River Escapement,1999,08/07,Eldorado River,Chinook,0,0,18
Eldorado River Escapement,1999,08/08,Eldorado River,Chinook,2,2,20
Eldorado River Escapement,1999,08/09,Eldorado River,Chinook,0,0,20
Eldorado River Escapement,1999,08/10,Eldorado River,Chinook,2,2,22
Eldorado River Escapement,1999,08/11,Eldorado River,Chinook,2,2,24
Eldorado River Escapement,1999,08/12,Eldorado River,Chinook,4,4,28
Eldorado River Escapement,1999,08/13,Eldorado River,Chinook,0,0,28
Eldorado River Escapement,1999,08/14,Eldorado River,Chinook,0,0,28
Eldorado River Escapement,1999,08/15,Eldorado River,Chinook,0,0,28
Eldorado River Escapement,1999,08/16,Eldorado River,Chinook,0,0,28
Eldorado River Escapement,1999,08/17,Eldorado River,Chinook,0,0,28
Eldorado River Escapement,1999,08/18,Eldorado River,Chinook,0,0,28
Eldorado River Escapement,1999,08/19,Eldorado River,Chinook,0,0,28
Eldorado River Escapement,1999,08/20,Eldorado River,Chinook,0,0,28
Eldorado River Escapement,1999,08/21,Eldorado River,Chinook,0,0,28
Eldorado River Escapement,1999,08/22,Eldorado River,Chinook,0,0,28
Eldorado River Escapement,1999,08/23,Eldorado River,Chinook,0,0,28
Eldorado River Escapement,1999,08/24,Eldorado River,Chinook,0,0,28
Eldorado River Escapement,1999,08/25,Eldorado River,Chinook,0,0,28
Eldorado River Escapement,1999,08/26,Eldorado River,Chinook,0,0,28
Eldorado River Escapement,1999,08/27,Eldorado River,Chinook,0,0,28
Eldorado River Escapement,1999,08/28,Eldorado River,Chinook,0,0,28
Eldorado River Escapement,1999,08/29,Eldorado River,Chinook,0,0,28
Eldorado River Escapement,1999,08/30,Eldorado River,Chinook,0,0,28
Eldorado River Escapement,1999,08/31,Eldorado River,Chinook,0,0,28
Eldorado River Escapement,1999,09/01,Eldorado River,Chinook,0,0,28
Eldorado River Escapement,2000,06/29,Eldorado River,Chinook,0,0,0
Eldorado River Escapement,2000,06/30,Eldorado River,Chinook,0,0,0
Eldorado River Escapement,2000,07/01,Eldorado River,Chinook,0,0,0
Eldorado River Escapement,2000,07/02,Eldorado River,Chinook,0,0,0
Eldorado River Escapement,2000,07/03,Eldorado River,Chinook,2,2,2
Eldorado River Escapement,2000,07/04,Eldorado River,Chinook,0,0,2
Eldorado River Escapement,2000,07/05,Eldorado River,Chinook,0,0,2
Eldorado River Escapement,2000,07/06,Eldorado River,Chinook,2,2,4
Eldorado River Escapement,2000,07/07,Eldorado River,Chinook,7,7,11
Eldorado River Escapement,2000,07/08,Eldorado River,Chinook,4,4,15
Eldorado River Escapement,2000,07/09,Eldorado River,Chinook,2,2,17
Eldorado River Escapement,2000,07/10,Eldorado River,Chinook,0,0,17
Eldorado River Escapement,2000,07/11,Eldorado River,Chinook,0,0,17
Eldorado River Escapement,2000,07/12,Eldorado River,Chinook,0,0,17
Eldorado River Escapement,2000,07/13,Eldorado River,Chinook,4,4,21
Eldorado River Escapement,2000,07/14,Eldorado River,Chinook,2,2,23
Eldorado River Escapement,2000,07/15,Eldorado River,Chinook,2,2,25
Eldorado River Escapement,2000,07/16,Eldorado River,Chinook,0,0,25
Eldorado River Escapement,2000,07/17,Eldorado River,Chinook,0,0,25
Eldorado River Escapement,2000,07/18,Eldorado River,Chinook,0,0,25
Eldorado River Escapement,2000,07/19,Eldorado River,Chinook,0,0,25
Eldorado River Escapement,2000,07/20,Eldorado River,Chinook,2,2,27
Eldorado River Escapement,2000,07/21,Eldorado River,Chinook,0,0,27
Eldorado River Escapement,2000,07/22,Eldorado River,Chinook,0,0,27
Eldorado River Escapement,2000,07/23,Eldorado River,Chinook,0,0,27
Eldorado River Escapement,2000,07/24,Eldorado River,Chinook,4,4,31
Eldorado River Escapement,2000,07/25,Eldorado River,Chinook,2,2,33
Eldorado River Escapement,2000,07/26,Eldorado River,Chinook,0,0,33
Eldorado River Escapement,2000,07/27,Eldorado River,Chinook,0,0,33
Eldorado River Escapement,2000,07/28,Eldorado River,Chinook,0,0,33
Eldorado River Escapement,2000,07/29,Eldorado River,Chinook,0,0,33
Eldorado River Escapement,2000,07/30,Eldorado River,Chinook,0,0,33
Eldorado River Escapement,2000,07/31,Eldorado River,Chinook,0,0,33
Eldorado River Escapement,2000,08/01,Eldorado River,Chinook,0,0,33
Eldorado River Escapement,2000,08/02,Eldorado River,Chinook,0,0,33
Eldorado River Escapement,2000,08/03,Eldorado River,Chinook,0,0,33
Eldorado River Escapement,2000,08/04,Eldorado River,Chinook,0,0,33
Eldorado River Escapement,2000,08/05,Eldorado River,Chinook,0,0,33
Eldorado River Escapement,2000,08/06,Eldorado River,Chinook,0,0,33
Eldorado River Escapement,2000,08/07,Eldorado River,Chinook,0,0,33
Eldorado River Escapement,2000,08/08,Eldorado River,Chinook,0,0,33
Eldorado River Escapement,2000,08/09,Eldorado River,Chinook,0,0,33
Eldorado River Escapement,2000,08/10,Eldorado River,Chinook,0,0,33
Eldorado River Escapement,2000,08/11,Eldorado River,Chinook,0,0,33
Eldorado River Escapement,2000,08/12,Eldorado River,Chinook,0,0,33
Eldorado River Escapement,2000,08/13,Eldorado River,Chinook,0,0,33
Eldorado River Escapement,2000,08/14,Eldorado River,Chinook,0,0,33
Eldorado River Escapement,2000,08/15,Eldorado River,Chinook,0,0,33
Eldorado River Escapement,2000,08/16,Eldorado River,Chinook,0,0,33
Eldorado River Escapement,2000,08/17,Eldorado River,Chinook,0,0,33
Eldorado River Escapement,2000,08/18,Eldorado River,Chinook,0,0,33
Eldorado River Escapement,2000,08/19,Eldorado River,Chinook,0,0,33
Eldorado River Escapement,2000,08/20,Eldorado River,Chinook,0,0,33
Eldorado River Escapement,2000,08/21,Eldorado River,Chinook,0,0,33
Eldorado River Escapement,2000,08/22,Eldorado River,Chinook,0,0,33
Eldorado River Escapement,2000,08/23,Eldorado River,Chinook,0,0,33
Eldorado River Escapement,2000,08/24,Eldorado River,Chinook,0,0,33
Eldorado River Escapement,2000,08/25,Eldorado River,Chinook,0,0,33
Eldorado River Escapement,2001,07/08,Eldorado River,Chinook,0,0,0
Eldorado River Escapement,2001,07/09,Eldorado River,Chinook,0,0,0
Eldorado River Escapement,2001,07/10,Eldorado River,Chinook,4,4,4
Eldorado River Escapement,2001,07/11,Eldorado River,Chinook,0,0,4
Eldorado River Escapement,2001,07/12,Eldorado River,Chinook,0,0,4
Eldorado River Escapement,2001,07/13,Eldorado River,Chinook,0,0,4
Eldorado River Escapement,2001,07/14,Eldorado River,Chinook,0,0,4
Eldorado River Escapement,2001,07/15,Eldorado River,Chinook,0,0,4
Eldorado River Escapement,2001,07/16,Eldorado River,Chinook,0,0,4
Eldorado River Escapement,2001,07/17,Eldorado River,Chinook,4,4,8
Eldorado River Escapement,2001,07/18,Eldorado River,Chinook,8,8,16
Eldorado River Escapement,2001,07/19,Eldorado River,Chinook,14,14,30
Eldorado River Escapement,2001,07/20,Eldorado River,Chinook,5,5,35
Eldorado River Escapement,2001,07/21,Eldorado River,Chinook,2,2,37
Eldorado River Escapement,2001,07/22,Eldorado River,Chinook,2,2,39
Eldorado River Escapement,2001,07/23,Eldorado River,Chinook,0,0,39
Eldorado River Escapement,2001,07/24,Eldorado River,Chinook,0,0,39
Eldorado River Escapement,2001,07/25,Eldorado River,Chinook,0,0,39
Eldorado River Escapement,2001,07/26,Eldorado River,Chinook,0,0,39
Eldorado River Escapement,2001,07/27,Eldorado River,Chinook,0,0,39
Eldorado River Escapement,2001,07/28,Eldorado River,Chinook,0,0,39
Eldorado River Escapement,2001,07/29,Eldorado River,Chinook,0,0,39
Eldorado River Escapement,2001,07/30,Eldorado River,Chinook,0,0,39
Eldorado River Escapement,2001,07/31,Eldorado River,Chinook,2,2,41
Eldorado River Escapement,2001,08/01,Eldorado River,Chinook,0,0,41
Eldorado River Escapement,2001,08/02,Eldorado River,Chinook,0,0,41
Eldorado River Escapement,2001,08/03,Eldorado River,Chinook,1,1,42
Eldorado River Escapement,2001,08/04,Eldorado River,Chinook,1,1,43
Eldorado River Escapement,2001,08/05,Eldorado River,Chinook,2,2,45
Eldorado River Escapement,2001,08/06,Eldorado River,Chinook,0,0,45
Eldorado River Escapement,2001,08/07,Eldorado River,Chinook,0,0,45
Eldorado River Escapement,2001,08/08,Eldorado River,Chinook,0,0,45
Eldorado River Escapement,2001,08/09,Eldorado River,Chinook,0,0,45
Eldorado River Escapement,2001,08/10,Eldorado River,Chinook,0,0,45
Eldorado River Escapement,2001,08/11,Eldorado River,Chinook,0,0,45
Eldorado River Escapement,2001,08/12,Eldorado River,Chinook,0,0,45
Eldorado River Escapement,2001,08/13,Eldorado River,Chinook,2,2,47
Eldorado River Escapement,2001,08/14,Eldorado River,Chinook,1,1,48
Eldorado River Escapement,2001,08/15,Eldorado River,Chinook,0,0,48
Eldorado River Escapement,2001,08/16,Eldorado River,Chinook,0,0,48
Eldorado River Escapement,2001,08/17,Eldorado River,Chinook,0,0,48
Eldorado River Escapement,2001,08/18,Eldorado River,Chinook,0,0,48
Eldorado River Escapement,2001,08/19,Eldorado River,Chinook,0,0,48
Eldorado River Escapement,2001,08/20,Eldorado River,Chinook,0,0,48
Eldorado River Escapement,2001,08/21,Eldorado River,Chinook,0,0,48
Eldorado River Escapement,2001,08/22,Eldorado River,Chinook,0,0,48
Eldorado River Escapement,2001,08/23,Eldorado River,Chinook,0,0,48
Eldorado River Escapement,2001,08/24,Eldorado River,Chinook,0,0,48
Eldorado River Escapement,2001,08/25,Eldorado River,Chinook,0,0,48
Eldorado River Escapement,2001,08/26,Eldorado River,Chinook,0,0,48
Eldorado River Escapement,2001,08/27,Eldorado River,Chinook,0,0,48
Eldorado River Escapement,2001,08/28,Eldorado River,Chinook,0,0,48
Eldorado River Escapement,2001,08/29,Eldorado River,Chinook,0,0,48
Eldorado River Escapement,2001,08/30,Eldorado River,Chinook,0,0,48
Eldorado River Escapement,2001,08/31,Eldorado River,Chinook,0,0,48
Eldorado River Escapement,2001,09/01,Eldorado River,Chinook,0,0,48
Eldorado River Escapement,2001,09/02,Eldorado River,Chinook,0,0,48
Eldorado River Escapement,2001,09/03,Eldorado River,Chinook,0,0,48
Eldorado River Escapement,2001,09/04,Eldorado River,Chinook,0,0,48
Eldorado River Escapement,2001,09/05,Eldorado River,Chinook,0,0,48
Eldorado River Escapement,2001,09/06,Eldorado River,Chinook,0,0,48
Eldorado River Escapement,2001,09/07,Eldorado River,Chinook,0,0,48
Eldorado River Escapement,2001,09/08,Eldorado River,Chinook,0,0,48
Eldorado River Escapement,2001,09/09,Eldorado River,Chinook,2,2,50
Eldorado River Escapement,2001,09/10,Eldorado River,Chinook,0,0,50
Eldorado River Escapement,2001,09/11,Eldorado River,Chinook,0,0,50
Eldorado River Escapement,2001,09/12,Eldorado River,Chinook,0,0,50
Eldorado River Escapement,2001,09/13,Eldorado River,Chinook,0,0,50
Eldorado River Escapement,2002,06/25,Eldorado River,Chinook,0,0,0
Eldorado River Escapement,2002,06/26,Eldorado River,Chinook,0,0,0
Eldorado River Escapement,2002,06/27,Eldorado River,Chinook,0,0,0
Eldorado River Escapement,2002,06/28,Eldorado River,Chinook,0,0,0
Eldorado River Escapement,2002,06/29,Eldorado River,Chinook,0,0,0
Eldorado River Escapement,2002,06/30,Eldorado River,Chinook,0,0,0
Eldorado River Escapement,2002,07/01,Eldorado River,Chinook,0,0,0
Eldorado River Escapement,2002,07/02,Eldorado River,Chinook,0,0,0
Eldorado River Escapement,2002,07/03,Eldorado River,Chinook,3,3,3
Eldorado River Escapement,2002,07/04,Eldorado River,Chinook,0,0,3
Eldorado River Escapement,2002,07/05,Eldorado River,Chinook,0,0,3
Eldorado River Escapement,2002,07/06,Eldorado River,Chinook,0,0,3
Eldorado River Escapement,2002,07/07,Eldorado River,Chinook,0,0,3
Eldorado River Escapement,2002,07/08,Eldorado River,Chinook,12,12,15
Eldorado River Escapement,2002,07/09,Eldorado River,Chinook,3,3,18
Eldorado River Escapement,2002,07/10,Eldorado River,Chinook,0,0,18
Eldorado River Escapement,2002,07/11,Eldorado River,Chinook,0,0,18
Eldorado River Escapement,2002,07/12,Eldorado River,Chinook,0,0,18
Eldorado River Escapement,2002,07/13,Eldorado River,Chinook,0,0,18
Eldorado River Escapement,2002,07/14,Eldorado River,Chinook,0,0,18
Eldorado River Escapement,2002,07/15,Eldorado River,Chinook,0,0,18
Eldorado River Escapement,2002,07/16,Eldorado River,Chinook,0,0,18
Eldorado River Escapement,2002,07/17,Eldorado River,Chinook,0,0,18
Eldorado River Escapement,2002,07/18,Eldorado River,Chinook,0,0,18
Eldorado River Escapement,2002,07/19,Eldorado River,Chinook,0,0,18
Eldorado River Escapement,2002,07/20,Eldorado River,Chinook,0,0,18
Eldorado River Escapement,2002,07/21,Eldorado River,Chinook,0,0,18
Eldorado River Escapement,2002,07/22,Eldorado River,Chinook,0,0,18
Eldorado River Escapement,2002,07/23,Eldorado River,Chinook,0,0,18
Eldorado River Escapement,2002,07/24,Eldorado River,Chinook,0,0,18
Eldorado River Escapement,2002,07/25,Eldorado River,Chinook,0,0,18
Eldorado River Escapement,2002,07/26,Eldorado River,Chinook,0,0,18
Eldorado River Escapement,2002,07/27,Eldorado River,Chinook,0,0,18
Eldorado River Escapement,2002,07/28,Eldorado River,Chinook,0,0,18
Eldorado River Escapement,2002,07/29,Eldorado River,Chinook,0,0,18
Eldorado River Escapement,2002,07/30,Eldorado River,Chinook,0,0,18
Eldorado River Escapement,2002,07/31,Eldorado River,Chinook,3,3,21
Eldorado River Escapement,2002,08/01,Eldorado River,Chinook,0,0,21
Eldorado River Escapement,2002,08/02,Eldorado River,Chinook,0,0,21
Eldorado River Escapement,2002,08/03,Eldorado River,Chinook,0,0,21
Eldorado River Escapement,2002,08/04,Eldorado River,Chinook,0,0,21
Eldorado River Escapement,2002,08/05,Eldorado River,Chinook,0,0,21
Eldorado River Escapement,2002,08/06,Eldorado River,Chinook,0,0,21
Eldorado River Escapement,2002,08/07,Eldorado River,Chinook,0,0,21
Eldorado River Escapement,2002,08/08,Eldorado River,Chinook,0,0,21
Eldorado River Escapement,2002,08/09,Eldorado River,Chinook,0,0,21
Eldorado River Escapement,2002,08/10,Eldorado River,Chinook,0,0,21
Eldorado River Escapement,2002,08/11,Eldorado River,Chinook,0,0,21
Eldorado River Escapement,2002,08/12,Eldorado River,Chinook,0,0,21
Eldorado River Escapement,2002,08/13,Eldorado River,Chinook,0,0,21
Eldorado River Escapement,2002,08/14,Eldorado River,Chinook,0,0,21
Eldorado River Escapement,2002,08/15,Eldorado River,Chinook,0,0,21
Eldorado River Escapement,2002,08/16,Eldorado River,Chinook,0,0,21
Eldorado River Escapement,2002,08/17,Eldorado River,Chinook,0,0,21
Eldorado River Escapement,2002,08/18,Eldorado River,Chinook,0,0,21
Eldorado River Escapement,2002,08/19,Eldorado River,Chinook,0,0,21
Eldorado River Escapement,2002,08/20,Eldorado River,Chinook,0,0,21
Eldorado River Escapement,2002,08/21,Eldorado River,Chinook,1,1,22
Eldorado River Escapement,2002,08/22,Eldorado River,Chinook,0,0,22
Eldorado River Escapement,2002,08/23,Eldorado River,Chinook,1,1,23
Eldorado River Escapement,2002,08/24,Eldorado River,Chinook,0,0,23
Eldorado River Escapement,2002,08/25,Eldorado River,Chinook,0,0,23
Eldorado River Escapement,2002,08/26,Eldorado River,Chinook,0,0,23
Eldorado River Escapement,2002,08/27,Eldorado River,Chinook,0,0,23
Eldorado River Escapement,2002,08/28,Eldorado River,Chinook,2,2,25
Eldorado River Escapement,2002,08/29,Eldorado River,Chinook,0,0,25
Eldorado River Escapement,2002,08/30,Eldorado River,Chinook,0,0,25
Eldorado River Escapement,2002,08/31,Eldorado River,Chinook,0,0,25
Eldorado River Escapement,2002,09/01,Eldorado River,Chinook,0,0,25
Eldorado River Escapement,2002,09/02,Eldorado River,Chinook,0,0,25
Eldorado River Escapement,2002,09/03,Eldorado River,Chinook,0,0,25
Eldorado River Escapement,2002,09/04,Eldorado River,Chinook,0,0,25
Eldorado River Escapement,2002,09/05,Eldorado River,Chinook,0,0,25
Eldorado River Escapement,2002,09/06,Eldorado River,Chinook,0,0,25
Eldorado River Escapement,2002,09/07,Eldorado River,Chinook,0,0,25
Eldorado River Escapement,2002,09/08,Eldorado River,Chinook,0,0,25
Eldorado River Escapement,2002,09/09,Eldorado River,Chinook,1,1,26
Eldorado River Escapement,2002,09/10,Eldorado River,Chinook,0,0,26
Eldorado River Escapement,2003,06/23,Eldorado River,Chinook,0,0,0
Eldorado River Escapement,2003,06/24,Eldorado River,Chinook,0,0,0
Eldorado River Escapement,2003,06/25,Eldorado River,Chinook,0,0,0
Eldorado River Escapement,2003,06/26,Eldorado River,Chinook,0,0,0
Eldorado River Escapement,2003,06/27,Eldorado River,Chinook,0,0,0
Eldorado River Escapement,2003,06/28,Eldorado River,Chinook,0,0,0
Eldorado River Escapement,2003,06/29,Eldorado River,Chinook,0,0,0
Eldorado River Escapement,2003,06/30,Eldorado River,Chinook,0,0,0
Eldorado River Escapement,2003,07/01,Eldorado River,Chinook,0,0,0
Eldorado River Escapement,2003,07/02,Eldorado River,Chinook,0,0,0
Eldorado River Escapement,2003,07/03,Eldorado River,Chinook,0,0,0
Eldorado River Escapement,2003,07/04,Eldorado River,Chinook,0,0,0
Eldorado River Escapement,2003,07/05,Eldorado River,Chinook,0,0,0
Eldorado River Escapement,2003,07/06,Eldorado River,Chinook,0,0,0
Eldorado River Escapement,2003,07/07,Eldorado River,Chinook,2,2,2
Eldorado River Escapement,2003,07/08,Eldorado River,Chinook,0,0,2
Eldorado River Escapement,2003,07/09,Eldorado River,Chinook,0,0,2
Eldorado River Escapement,2003,07/10,Eldorado River,Chinook,0,0,2
Eldorado River Escapement,2003,07/11,Eldorado River,Chinook,0,0,2
Eldorado River Escapement,2003,07/12,Eldorado River,Chinook,0,0,2
Eldorado River Escapement,2003,07/13,Eldorado River,Chinook,0,0,2
Eldorado River Escapement,2003,07/14,Eldorado River,Chinook,0,0,2
Eldorado River Escapement,2003,07/15,Eldorado River,Chinook,0,0,2
Eldorado River Escapement,2003,07/16,Eldorado River,Chinook,3,3,5
Eldorado River Escapement,2003,07/17,Eldorado River,Chinook,0,0,5
Eldorado River Escapement,2003,07/18,Eldorado River,Chinook,10,10,15
Eldorado River Escapement,2003,07/19,Eldorado River,Chinook,0,0,15
Eldorado River Escapement,2003,07/20,Eldorado River,Chinook,0,0,15
Eldorado River Escapement,2003,07/21,Eldorado River,Chinook,0,0,15
Eldorado River Escapement,2003,07/22,Eldorado River,Chinook,0,0,15
Eldorado River Escapement,2003,07/23,Eldorado River,Chinook,0,0,15
Eldorado River Escapement,2003,07/24,Eldorado River,Chinook,0,0,15
Eldorado River Escapement,2003,07/25,Eldorado River,Chinook,0,0,15
Eldorado River Escapement,2003,07/26,Eldorado River,Chinook,0,0,15
Eldorado River Escapement,2003,07/27,Eldorado River,Chinook,2,2,17
Eldorado River Escapement,2003,07/28,Eldorado River,Chinook,4,4,21
Eldorado River Escapement,2003,07/29,Eldorado River,Chinook,0,0,21
Eldorado River Escapement,2003,07/30,Eldorado River,Chinook,1,1,22
Eldorado River Escapement,2003,07/31,Eldorado River,Chinook,0,0,22
Eldorado River Escapement,2003,08/01,Eldorado River,Chinook,1,1,23
Eldorado River Escapement,2003,08/02,Eldorado River,Chinook,2,2,25
Eldorado River Escapement,2003,08/03,Eldorado River,Chinook,0,0,25
Eldorado River Escapement,2003,08/04,Eldorado River,Chinook,0,0,25
Eldorado River Escapement,2003,08/05,Eldorado River,Chinook,1,1,26
Eldorado River Escapement,2003,08/06,Eldorado River,Chinook,0,0,26
Eldorado River Escapement,2003,08/07,Eldorado River,Chinook,0,0,26
Eldorado River Escapement,2003,08/08,Eldorado River,Chinook,3,3,29
Eldorado River Escapement,2003,08/09,Eldorado River,Chinook,0,0,29
Eldorado River Escapement,2003,08/10,Eldorado River,Chinook,0,0,29
Eldorado River Escapement,2003,08/11,Eldorado River,Chinook,0,0,29
Eldorado River Escapement,2003,08/12,Eldorado River,Chinook,0,0,29
Eldorado River Escapement,2003,08/13,Eldorado River,Chinook,0,0,29
Eldorado River Escapement,2003,08/14,Eldorado River,Chinook,0,0,29
Eldorado River Escapement,2003,08/15,Eldorado River,Chinook,0,0,29
Eldorado River Escapement,2003,08/16,Eldorado River,Chinook,0,0,29
Eldorado River Escapement,2003,08/17,Eldorado River,Chinook,0,0,29
Eldorado River Escapement,2003,08/18,Eldorado River,Chinook,0,0,29
Eldorado River Escapement,2003,08/19,Eldorado River,Chinook,0,0,29
Eldorado River Escapement,2003,08/20,Eldorado River,Chinook,0,0,29
Eldorado River Escapement,2003,08/21,Eldorado River,Chinook,0,0,29
Eldorado River Escapement,2003,08/22,Eldorado River,Chinook,0,0,29
Eldorado River Escapement,2003,08/23,Eldorado River,Chinook,0,0,29
Eldorado River Escapement,2003,08/24,Eldorado River,Chinook,0,0,29
Eldorado River Escapement,2003,08/25,Eldorado River,Chinook,0,0,29
Eldorado River Escapement,2003,08/26,Eldorado River,Chinook,0,0,29
Eldorado River Escapement,2003,08/27,Eldorado River,Chinook,0,0,29
Eldorado River Escapement,2003,08/28,Eldorado River,Chinook,0,0,29
Eldorado River Escapement,2003,08/29,Eldorado River,Chinook,0,0,29
Eldorado River Escapement,2003,08/30,Eldorado River,Chinook,0,0,29
Eldorado River Escapement,2003,08/31,Eldorado River,Chinook,0,0,29
Eldorado River Escapement,2003,09/01,Eldorado River,Chinook,0,0,29
Eldorado River Escapement,2003,09/02,Eldorado River,Chinook,0,0,29
Eldorado River Escapement,2003,09/03,Eldorado River,Chinook,0,0,29
Eldorado River Escapement,2003,09/04,Eldorado River,Chinook,0,0,29
Eldorado River Escapement,2003,09/05,Eldorado River,Chinook,0,0,29
Eldorado River Escapement,2003,09/06,Eldorado River,Chinook,0,0,29
Eldorado River Escapement,2003,09/07,Eldorado River,Chinook,0,0,29
Eldorado River Escapement,2003,09/08,Eldorado River,Chinook,0,0,29
Eldorado River Escapement,2004,06/22,Eldorado River,Chinook,0,0,0
Eldorado River Escapement,2004,06/23,Eldorado River,Chinook,0,0,0
Eldorado River Escapement,2004,06/24,Eldorado River,Chinook,0,0,0
Eldorado River Escapement,2004,06/25,Eldorado River,Chinook,0,0,0
Eldorado River Escapement,2004,06/26,Eldorado River,Chinook,0,0,0
Eldorado River Escapement,2004,06/27,Eldorado River,Chinook,0,0,0
Eldorado River Escapement,2004,06/28,Eldorado River,Chinook,0,0,0
Eldorado River Escapement,2004,06/29,Eldorado River,Chinook,0,0,0
Eldorado River Escapement,2004,06/30,Eldorado River,Chinook,0,0,0
Eldorado River Escapement,2004,07/01,Eldorado River,Chinook,0,0,0
Eldorado River Escapement,2004,07/02,Eldorado River,Chinook,0,0,0
Eldorado River Escapement,2004,07/03,Eldorado River,Chinook,1,1,1
Eldorado River Escapement,2004,07/04,Eldorado River,Chinook,0,0,1
Eldorado River Escapement,2004,07/05,Eldorado River,Chinook,0,0,1
Eldorado River Escapement,2004,07/06,Eldorado River,Chinook,3,3,4
Eldorado River Escapement,2004,07/07,Eldorado River,Chinook,0,0,4
Eldorado River Escapement,2004,07/08,Eldorado River,Chinook,4,4,8
Eldorado River Escapement,2004,07/09,Eldorado River,Chinook,0,0,8
Eldorado River Escapement,2004,07/10,Eldorado River,Chinook,2,2,10
Eldorado River Escapement,2004,07/11,Eldorado River,Chinook,0,0,10
Eldorado River Escapement,2004,07/12,Eldorado River,Chinook,2,2,12
Eldorado River Escapement,2004,07/13,Eldorado River,Chinook,0,0,12
Eldorado River Escapement,2004,07/14,Eldorado River,Chinook,0,0,12
Eldorado River Escapement,2004,07/15,Eldorado River,Chinook,1,1,13
Eldorado River Escapement,2004,07/16,Eldorado River,Chinook,0,0,13
Eldorado River Escapement,2004,07/17,Eldorado River,Chinook,0,0,13
Eldorado River Escapement,2004,07/18,Eldorado River,Chinook,1,1,14
Eldorado River Escapement,2004,07/19,Eldorado River,Chinook,0,0,14
Eldorado River Escapement,2004,07/20,Eldorado River,Chinook,1,1,15
Eldorado River Escapement,2004,07/21,Eldorado River,Chinook,0,0,15
Eldorado River Escapement,2004,07/22,Eldorado River,Chinook,0,0,15
Eldorado River Escapement,2004,07/23,Eldorado River,Chinook,2,2,17
Eldorado River Escapement,2004,07/24,Eldorado River,Chinook,0,0,17
Eldorado River Escapement,2004,07/25,Eldorado River,Chinook,0,0,17
Eldorado River Escapement,2004,07/26,Eldorado River,Chinook,0,0,17
Eldorado River Escapement,2004,07/27,Eldorado River,Chinook,0,0,17
Eldorado River Escapement,2004,07/28,Eldorado River,Chinook,0,0,17
Eldorado River Escapement,2004,07/29,Eldorado River,Chinook,0,0,17
Eldorado River Escapement,2004,07/30,Eldorado River,Chinook,0,0,17
Eldorado River Escapement,2004,07/31,Eldorado River,Chinook,0,0,17
Eldorado River Escapement,2004,08/01,Eldorado River,Chinook,0,0,17
Eldorado River Escapement,2004,08/02,Eldorado River,Chinook,1,1,18
Eldorado River Escapement,2004,08/03,Eldorado River,Chinook,0,0,18
Eldorado River Escapement,2004,08/04,Eldorado River,Chinook,1,1,19
Eldorado River Escapement,2004,08/05,Eldorado River,Chinook,1,1,20
Eldorado River Escapement,2004,08/06,Eldorado River,Chinook,1,1,21
Eldorado River Escapement,2004,08/07,Eldorado River,Chinook,1,1,22
Eldorado River Escapement,2004,08/10,Eldorado River,Chinook,0,0,22
Eldorado River Escapement,2004,08/11,Eldorado River,Chinook,0,0,22
Eldorado River Escapement,2004,08/12,Eldorado River,Chinook,0,0,22
Eldorado River Escapement,2004,08/20,Eldorado River,Chinook,0,0,22
Eldorado River Escapement,2004,08/21,Eldorado River,Chinook,0,0,22
Eldorado River Escapement,2004,08/22,Eldorado River,Chinook,1,1,23
Eldorado River Escapement,2004,08/23,Eldorado River,Chinook,0,0,23
Eldorado River Escapement,2004,08/24,Eldorado River,Chinook,1,1,24
Eldorado River Escapement,2004,08/25,Eldorado River,Chinook,0,0,24
Eldorado River Escapement,2004,08/26,Eldorado River,Chinook,0,0,24
Eldorado River Escapement,2004,08/27,Eldorado River,Chinook,0,0,24
Eldorado River Escapement,2004,08/28,Eldorado River,Chinook,0,0,24
Eldorado River Escapement,2004,08/29,Eldorado River,Chinook,0,0,24
Eldorado River Escapement,2004,08/30,Eldorado River,Chinook,0,0,24
Eldorado River Escapement,2004,08/31,Eldorado River,Chinook,0,0,24
Eldorado River Escapement,2004,09/01,Eldorado River,Chinook,0,0,24
Eldorado River Escapement,2004,09/02,Eldorado River,Chinook,0,0,24
Eldorado River Escapement,2004,09/03,Eldorado River,Chinook,0,0,24
Eldorado River Escapement,2004,09/04,Eldorado River,Chinook,0,0,24
Eldorado River Escapement,2004,09/05,Eldorado River,Chinook,0,0,24
Eldorado River Escapement,2004,09/06,Eldorado River,Chinook,0,0,24
Eldorado River Escapement,2004,09/07,Eldorado River,Chinook,1,1,25
Eldorado River Escapement,2004,09/08,Eldorado River,Chinook,0,0,25
Eldorado River Escapement,2004,09/09,Eldorado River,Chinook,0,0,25
Eldorado River Escapement,2005,06/23,Eldorado River,Chinook,0,0,0
Eldorado River Escapement,2005,06/24,Eldorado River,Chinook,0,0,0
Eldorado River Escapement,2005,06/25,Eldorado River,Chinook,0,0,0
Eldorado River Escapement,2005,06/26,Eldorado River,Chinook,0,0,0
Eldorado River Escapement,2005,06/27,Eldorado River,Chinook,0,0,0
Eldorado River Escapement,2005,06/28,Eldorado River,Chinook,0,0,0
Eldorado River Escapement,2005,06/29,Eldorado River,Chinook,0,0,0
Eldorado River Escapement,2005,06/30,Eldorado River,Chinook,0,0,0
Eldorado River Escapement,2005,07/01,Eldorado River,Chinook,0,0,0
Eldorado River Escapement,2005,07/02,Eldorado River,Chinook,1,1,1
Eldorado River Escapement,2005,07/03,Eldorado River,Chinook,0,0,1
Eldorado River Escapement,2005,07/04,Eldorado River,Chinook,0,0,1
Eldorado River Escapement,2005,07/05,Eldorado River,Chinook,1,1,2
Eldorado River Escapement,2005,07/06,Eldorado River,Chinook,1,1,3
Eldorado River Escapement,2005,07/07,Eldorado River,Chinook,0,0,3
Eldorado River Escapement,2005,07/08,Eldorado River,Chinook,1,1,4
Eldorado River Escapement,2005,07/09,Eldorado River,Chinook,0,0,4
Eldorado River Escapement,2005,07/10,Eldorado River,Chinook,0,0,4
Eldorado River Escapement,2005,07/11,Eldorado River,Chinook,0,0,4
Eldorado River Escapement,2005,07/12,Eldorado River,Chinook,0,0,4
Eldorado River Escapement,2005,07/13,Eldorado River,Chinook,0,0,4
Eldorado River Escapement,2005,07/14,Eldorado River,Chinook,0,0,4
Eldorado River Escapement,2005,07/15,Eldorado River,Chinook,1,1,5
Eldorado River Escapement,2005,07/16,Eldorado River,Chinook,3,3,8
Eldorado River Escapement,2005,07/17,Eldorado River,Chinook,0,0,8
Eldorado River Escapement,2005,07/18,Eldorado River,Chinook,1,1,9
Eldorado River Escapement,2005,07/19,Eldorado River,Chinook,0,0,9
Eldorado River Escapement,2005,07/20,Eldorado River,Chinook,0,0,9
Eldorado River Escapement,2005,07/21,Eldorado River,Chinook,2,2,11
Eldorado River Escapement,2005,07/22,Eldorado River,Chinook,0,0,11
Eldorado River Escapement,2005,07/23,Eldorado River,Chinook,0,0,11
Eldorado River Escapement,2005,07/24,Eldorado River,Chinook,0,0,11
Eldorado River Escapement,2005,07/25,Eldorado River,Chinook,0,0,11
Eldorado River Escapement,2005,07/26,Eldorado River,Chinook,0,0,11
Eldorado River Escapement,2005,07/27,Eldorado River,Chinook,0,0,11
Eldorado River Escapement,2005,07/28,Eldorado River,Chinook,0,0,11
Eldorado River Escapement,2005,07/29,Eldorado River,Chinook,0,0,11
Eldorado River Escapement,2005,07/30,Eldorado River,Chinook,0,0,11
Eldorado River Escapement,2005,07/31,Eldorado River,Chinook,0,0,11
Eldorado River Escapement,2005,08/01,Eldorado River,Chinook,0,0,11
Eldorado River Escapement,2005,08/02,Eldorado River,Chinook,0,0,11
Eldorado River Escapement,2005,08/03,Eldorado River,Chinook,0,0,11
Eldorado River Escapement,2005,08/04,Eldorado River,Chinook,0,0,11
Eldorado River Escapement,2005,08/05,Eldorado River,Chinook,1,1,12
Eldorado River Escapement,2005,08/06,Eldorado River,Chinook,0,0,12
Eldorado River Escapement,2005,08/07,Eldorado River,Chinook,0,0,12
Eldorado River Escapement,2005,08/08,Eldorado River,Chinook,2,2,14
Eldorado River Escapement,2005,08/09,Eldorado River,Chinook,1,1,15
Eldorado River Escapement,2005,08/10,Eldorado River,Chinook,3,3,18
Eldorado River Escapement,2005,08/11,Eldorado River,Chinook,1,1,19
Eldorado River Escapement,2005,08/12,Eldorado River,Chinook,0,0,19
Eldorado River Escapement,2005,08/13,Eldorado River,Chinook,2,2,21
Eldorado River Escapement,2005,08/14,Eldorado River,Chinook,1,1,22
Eldorado River Escapement,2005,08/15,Eldorado River,Chinook,1,1,23
Eldorado River Escapement,2005,08/16,Eldorado River,Chinook,0,0,23
Eldorado River Escapement,2005,08/17,Eldorado River,Chinook,1,1,24
Eldorado River Escapement,2005,08/18,Eldorado River,Chinook,0,0,24
Eldorado River Escapement,2005,08/19,Eldorado River,Chinook,1,1,25
Eldorado River Escapement,2005,08/20,Eldorado River,Chinook,1,1,26
Eldorado River Escapement,2005,08/21,Eldorado River,Chinook,1,1,27
Eldorado River Escapement,2005,08/22,Eldorado River,Chinook,0,0,27
Eldorado River Escapement,2005,08/23,Eldorado River,Chinook,0,0,27
Eldorado River Escapement,2005,08/24,Eldorado River,Chinook,0,0,27
Eldorado River Escapement,2005,08/25,Eldorado River,Chinook,1,1,28
Eldorado River Escapement,2005,08/26,Eldorado River,Chinook,1,1,29
Eldorado River Escapement,2005,08/27,Eldorado River,Chinook,0,0,29
Eldorado River Escapement,2005,08/28,Eldorado River,Chinook,0,0,29
Eldorado River Escapement,2005,08/29,Eldorado River,Chinook,0,0,29
Eldorado River Escapement,2005,08/30,Eldorado River,Chinook,2,2,31
Eldorado River Escapement,2005,08/31,Eldorado River,Chinook,1,1,32
Eldorado River Escapement,2005,09/01,Eldorado River,Chinook,0,0,32
Eldorado River Escapement,2005,09/02,Eldorado River,Chinook,0,0,32
Eldorado River Escapement,2006,06/26,Eldorado River,Chinook,0,0,0
Eldorado River Escapement,2006,06/27,Eldorado River,Chinook,0,0,0
Eldorado River Escapement,2006,06/28,Eldorado River,Chinook,0,0,0
Eldorado River Escapement,2006,06/29,Eldorado River,Chinook,0,0,0
Eldorado River Escapement,2006,06/30,Eldorado River,Chinook,0,0,0
Eldorado River Escapement,2006,07/01,Eldorado River,Chinook,0,0,0
Eldorado River Escapement,2006,07/02,Eldorado River,Chinook,0,0,0
Eldorado River Escapement,2006,07/03,Eldorado River,Chinook,1,1,1
Eldorado River Escapement,2006,07/04,Eldorado River,Chinook,5,5,6
Eldorado River Escapement,2006,07/05,Eldorado River,Chinook,3,3,9
Eldorado River Escapement,2006,07/06,Eldorado River,Chinook,2,2,11
Eldorado River Escapement,2006,07/07,Eldorado River,Chinook,0,0,11
Eldorado River Escapement,2006,07/08,Eldorado River,Chinook,0,0,11
Eldorado River Escapement,2006,07/09,Eldorado River,Chinook,0,0,11
Eldorado River Escapement,2006,07/10,Eldorado River,Chinook,5,5,16
Eldorado River Escapement,2006,07/11,Eldorado River,Chinook,2,2,18
Eldorado River Escapement,2006,07/12,Eldorado River,Chinook,6,6,24
Eldorado River Escapement,2006,07/13,Eldorado River,Chinook,1,1,25
Eldorado River Escapement,2006,07/14,Eldorado River,Chinook,3,3,28
Eldorado River Escapement,2006,07/15,Eldorado River,Chinook,2,2,30
Eldorado River Escapement,2006,07/16,Eldorado River,Chinook,0,0,30
Eldorado River Escapement,2006,07/17,Eldorado River,Chinook,2,2,32
Eldorado River Escapement,2006,07/18,Eldorado River,Chinook,5,5,37
Eldorado River Escapement,2006,07/19,Eldorado River,Chinook,0,0,37
Eldorado River Escapement,2006,07/20,Eldorado River,Chinook,0,0,37
Eldorado River Escapement,2006,07/21,Eldorado River,Chinook,2,2,39
Eldorado River Escapement,2006,07/22,Eldorado River,Chinook,0,0,39
Eldorado River Escapement,2006,07/23,Eldorado River,Chinook,0,0,39
Eldorado River Escapement,2006,07/24,Eldorado River,Chinook,0,0,39
Eldorado River Escapement,2006,07/25,Eldorado River,Chinook,0,0,39
Eldorado River Escapement,2006,07/26,Eldorado River,Chinook,0,0,39
Eldorado River Escapement,2006,07/27,Eldorado River,Chinook,1,1,40
Eldorado River Escapement,2006,07/28,Eldorado River,Chinook,1,1,41
Eldorado River Escapement,2006,07/29,Eldorado River,Chinook,0,0,41
Eldorado River Escapement,2006,07/30,Eldorado River,Chinook,0,0,41
Eldorado River Escapement,2006,07/31,Eldorado River,Chinook,0,0,41
Eldorado River Escapement,2006,08/01,Eldorado River,Chinook,0,0,41
Eldorado River Escapement,2006,08/02,Eldorado River,Chinook,0,0,41
Eldorado River Escapement,2006,08/03,Eldorado River,Chinook,0,0,41
Eldorado River Escapement,2007,06/26,Eldorado River,Chinook,0,0,0
Eldorado River Escapement,2007,06/27,Eldorado River,Chinook,0,0,0
Eldorado River Escapement,2007,06/28,Eldorado River,Chinook,0,0,0
Eldorado River Escapement,2007,06/29,Eldorado River,Chinook,0,0,0
Eldorado River Escapement,2007,06/30,Eldorado River,Chinook,0,0,0
Eldorado River Escapement,2007,07/01,Eldorado River,Chinook,1,1,1
Eldorado River Escapement,2007,07/02,Eldorado River,Chinook,0,0,1
Eldorado River Escapement,2007,07/03,Eldorado River,Chinook,0,0,1
Eldorado River Escapement,2007,07/04,Eldorado River,Chinook,0,0,1
Eldorado River Escapement,2007,07/05,Eldorado River,Chinook,0,0,1
Eldorado River Escapement,2007,07/06,Eldorado River,Chinook,0,0,1
Eldorado River Escapement,2007,07/07,Eldorado River,Chinook,1,1,2
Eldorado River Escapement,2007,07/08,Eldorado River,Chinook,1,1,3
Eldorado River Escapement,2007,07/09,Eldorado River,Chinook,2,2,5
Eldorado River Escapement,2007,07/10,Eldorado River,Chinook,0,0,5
Eldorado River Escapement,2007,07/11,Eldorado River,Chinook,0,0,5
Eldorado River Escapement,2007,07/12,Eldorado River,Chinook,0,0,5
Eldorado River Escapement,2007,07/13,Eldorado River,Chinook,2,2,7
Eldorado River Escapement,2007,07/14,Eldorado River,Chinook,3,3,10
Eldorado River Escapement,2007,07/15,Eldorado River,Chinook,0,0,10
Eldorado River Escapement,2007,07/16,Eldorado River,Chinook,0,0,10
Eldorado River Escapement,2007,07/17,Eldorado River,Chinook,0,0,10
Eldorado River Escapement,2007,07/18,Eldorado River,Chinook,0,0,10
Eldorado River Escapement,2007,07/19,Eldorado River,Chinook,1,1,11
Eldorado River Escapement,2007,07/20,Eldorado River,Chinook,0,0,11
Eldorado River Escapement,2007,07/21,Eldorado River,Chinook,2,2,13
Eldorado River Escapement,2007,07/22,Eldorado River,Chinook,1,1,14
Eldorado River Escapement,2007,07/23,Eldorado River,Chinook,0,0,14
Eldorado River Escapement,2007,07/24,Eldorado River,Chinook,0,0,14
Eldorado River Escapement,2007,07/25,Eldorado River,Chinook,0,0,14
Eldorado River Escapement,2007,07/26,Eldorado River,Chinook,0,0,14
Eldorado River Escapement,2007,07/27,Eldorado River,Chinook,0,0,14
Eldorado River Escapement,2007,07/28,Eldorado River,Chinook,0,0,14
Eldorado River Escapement,2007,07/29,Eldorado River,Chinook,0,0,14
Eldorado River Escapement,2007,07/30,Eldorado River,Chinook,0,0,14
Eldorado River Escapement,2007,07/31,Eldorado River,Chinook,0,0,14
Eldorado River Escapement,2007,08/01,Eldorado River,Chinook,0,0,14
Eldorado River Escapement,2007,08/02,Eldorado River,Chinook,0,0,14
Eldorado River Escapement,2007,08/03,Eldorado River,Chinook,0,0,14
Eldorado River Escapement,2007,08/04,Eldorado River,Chinook,0,0,14
Eldorado River Escapement,2007,08/05,Eldorado River,Chinook,0,0,14
Eldorado River Escapement,2007,08/06,Eldorado River,Chinook,0,0,14
Eldorado River Escapement,2008,06/28,Eldorado River,Chinook,0,0,0
Eldorado River Escapement,2008,06/29,Eldorado River,Chinook,0,0,0
Eldorado River Escapement,2008,06/30,Eldorado River,Chinook,0,0,0
Eldorado River Escapement,2008,07/01,Eldorado River,Chinook,0,0,0
Eldorado River Escapement,2008,07/02,Eldorado River,Chinook,0,0,0
Eldorado River Escapement,2008,07/03,Eldorado River,Chinook,0,0,0
Eldorado River Escapement,2008,07/04,Eldorado River,Chinook,0,0,0
Eldorado River Escapement,2008,07/05,Eldorado River,Chinook,0,0,0
Eldorado River Escapement,2008,07/06,Eldorado River,Chinook,1,1,1
Eldorado River Escapement,2008,07/07,Eldorado River,Chinook,0,0,1
Eldorado River Escapement,2008,07/08,Eldorado River,Chinook,4,4,5
Eldorado River Escapement,2008,07/09,Eldorado River,Chinook,0,0,5
Eldorado River Escapement,2008,07/10,Eldorado River,Chinook,0,0,5
Eldorado River Escapement,2008,07/11,Eldorado River,Chinook,0,0,5
Eldorado River Escapement,2008,07/12,Eldorado River,Chinook,0,0,5
Eldorado River Escapement,2008,07/13,Eldorado River,Chinook,14,14,19
Eldorado River Escapement,2008,07/14,Eldorado River,Chinook,2,2,21
Eldorado River Escapement,2008,07/15,Eldorado River,Chinook,1,1,22
Eldorado River Escapement,2008,07/16,Eldorado River,Chinook,0,0,22
Eldorado River Escapement,2008,07/17,Eldorado River,Chinook,0,0,22
Eldorado River Escapement,2008,07/18,Eldorado River,Chinook,0,0,22
Eldorado River Escapement,2008,07/19,Eldorado River,Chinook,6,6,28
Eldorado River Escapement,2008,07/20,Eldorado River,Chinook,0,0,28
Eldorado River Escapement,2008,07/21,Eldorado River,Chinook,4,4,32
Eldorado River Escapement,2008,07/22,Eldorado River,Chinook,0,0,32
Eldorado River Escapement,2008,07/23,Eldorado River,Chinook,1,1,33
Eldorado River Escapement,2008,07/24,Eldorado River,Chinook,1,1,34
Eldorado River Escapement,2008,07/25,Eldorado River,Chinook,0,0,34
Eldorado River Escapement,2008,07/26,Eldorado River,Chinook,0,0,34
Eldorado River Escapement,2008,07/27,Eldorado River,Chinook,2,2,36
Eldorado River Escapement,2008,07/28,Eldorado River,Chinook,0,0,36
Eldorado River Escapement,2008,07/29,Eldorado River,Chinook,0,0,36
Eldorado River Escapement,2008,07/30,Eldorado River,Chinook,0,0,36
Eldorado River Escapement,2008,07/31,Eldorado River,Chinook,0,0,36
Eldorado River Escapement,2009,07/02,Eldorado River,Chinook,0,0,0
Eldorado River Escapement,2009,07/03,Eldorado River,Chinook,0,0,0
Eldorado River Escapement,2009,07/04,Eldorado River,Chinook,0,0,0
Eldorado River Escapement,2009,07/05,Eldorado River,Chinook,0,0,0
Eldorado River Escapement,2009,07/06,Eldorado River,Chinook,0,0,0
Eldorado River Escapement,2009,07/07,Eldorado River,Chinook,0,0,0
Eldorado River Escapement,2009,07/08,Eldorado River,Chinook,0,0,0
Eldorado River Escapement,2009,07/09,Eldorado River,Chinook,0,0,0
Eldorado River Escapement,2009,07/10,Eldorado River,Chinook,0,0,0
Eldorado River Escapement,2009,07/11,Eldorado River,Chinook,3,3,3
Eldorado River Escapement,2009,07/12,Eldorado River,Chinook,1,1,4
Eldorado River Escapement,2009,07/13,Eldorado River,Chinook,0,0,4
Eldorado River Escapement,2009,07/14,Eldorado River,Chinook,0,0,4
Eldorado River Escapement,2009,07/15,Eldorado River,Chinook,0,0,4
Eldorado River Escapement,2009,07/16,Eldorado River,Chinook,0,0,4
Eldorado River Escapement,2009,07/17,Eldorado River,Chinook,0,0,4
Eldorado River Escapement,2009,07/18,Eldorado River,Chinook,0,0,4
Eldorado River Escapement,2009,07/19,Eldorado River,Chinook,3,3,7
Eldorado River Escapement,2009,07/20,Eldorado River,Chinook,3,3,10
Eldorado River Escapement,2009,07/21,Eldorado River,Chinook,3,3,13
Eldorado River Escapement,2009,07/22,Eldorado River,Chinook,2,2,15
Eldorado River Escapement,2009,07/23,Eldorado River,Chinook,9,9,24
Eldorado River Escapement,2009,07/24,Eldorado River,Chinook,2,2,26
Eldorado River Escapement,2009,07/25,Eldorado River,Chinook,0,0,26
Eldorado River Escapement,2009,07/26,Eldorado River,Chinook,3,3,29
Eldorado River Escapement,2009,07/27,Eldorado River,Chinook,0,0,29
Eldorado River Escapement,2009,07/28,Eldorado River,Chinook,1,1,30
Eldorado River Escapement,2009,07/29,Eldorado River,Chinook,1,1,31
Eldorado River Escapement,2009,07/30,Eldorado River,Chinook,0,0,31
Eldorado River Escapement,2009,07/31,Eldorado River,Chinook,0,0,31
Eldorado River Escapement,2009,08/01,Eldorado River,Chinook,0,0,31
Eldorado River Escapement,2009,08/02,Eldorado River,Chinook,0,0,31
Eldorado River Escapement,2009,08/03,Eldorado River,Chinook,0,0,31
Eldorado River Escapement,2010,06/30,Eldorado River,Chinook,0,0,0
Eldorado River Escapement,2010,07/01,Eldorado River,Chinook,0,0,0
Eldorado River Escapement,2010,07/02,Eldorado River,Chinook,0,0,0
Eldorado River Escapement,2010,07/03,Eldorado River,Chinook,0,0,0
Eldorado River Escapement,2010,07/04,Eldorado River,Chinook,0,0,0
Eldorado River Escapement,2010,07/05,Eldorado River,Chinook,0,0,0
Eldorado River Escapement,2010,07/06,Eldorado River,Chinook,0,0,0
Eldorado River Escapement,2010,07/07,Eldorado River,Chinook,2,2,2
Eldorado River Escapement,2010,07/08,Eldorado River,Chinook,5,5,7
Eldorado River Escapement,2010,07/09,Eldorado River,Chinook,3,3,10
Eldorado River Escapement,2010,07/10,Eldorado River,Chinook,1,1,11
Eldorado River Escapement,2010,07/11,Eldorado River,Chinook,9,9,20
Eldorado River Escapement,2010,07/12,Eldorado River,Chinook,0,0,20
Eldorado River Escapement,2010,07/13,Eldorado River,Chinook,0,0,20
Eldorado River Escapement,2010,07/14,Eldorado River,Chinook,0,0,20
Eldorado River Escapement,2010,07/15,Eldorado River,Chinook,0,0,20
Eldorado River Escapement,2010,07/16,Eldorado River,Chinook,0,0,20
Eldorado River Escapement,2010,07/17,Eldorado River,Chinook,0,0,20
Eldorado River Escapement,2010,07/18,Eldorado River,Chinook,1,1,21
Eldorado River Escapement,2010,07/19,Eldorado River,Chinook,0,0,21
Eldorado River Escapement,2010,07/20,Eldorado River,Chinook,1,1,22
Eldorado River Escapement,2010,07/21,Eldorado River,Chinook,0,0,22
Eldorado River Escapement,2010,07/22,Eldorado River,Chinook,0,0,22
Eldorado River Escapement,2010,07/23,Eldorado River,Chinook,0,0,22
Eldorado River Escapement,2010,07/24,Eldorado River,Chinook,1,1,23
Eldorado River Escapement,2011,06/29,Eldorado River,Chinook,0,0,0
Eldorado River Escapement,2011,06/30,Eldorado River,Chinook,0,0,0
Eldorado River Escapement,2011,07/01,Eldorado River,Chinook,0,0,0
Eldorado River Escapement,2011,07/02,Eldorado River,Chinook,0,0,0
Eldorado River Escapement,2011,07/03,Eldorado River,Chinook,0,0,0
Eldorado River Escapement,2011,07/04,Eldorado River,Chinook,1,1,1
Eldorado River Escapement,2011,07/05,Eldorado River,Chinook,2,2,3
Eldorado River Escapement,2011,07/06,Eldorado River,Chinook,0,0,3
Eldorado River Escapement,2011,07/07,Eldorado River,Chinook,0,0,3
Eldorado River Escapement,2011,07/08,Eldorado River,Chinook,0,0,3
Eldorado River Escapement,2011,07/09,Eldorado River,Chinook,0,0,3
Eldorado River Escapement,2011,07/10,Eldorado River,Chinook,0,0,3
Eldorado River Escapement,2011,07/11,Eldorado River,Chinook,0,0,3
Eldorado River Escapement,2011,07/12,Eldorado River,Chinook,0,0,3
Eldorado River Escapement,2011,07/13,Eldorado River,Chinook,0,0,3
Eldorado River Escapement,2011,07/14,Eldorado River,Chinook,0,0,3
Eldorado River Escapement,2011,07/15,Eldorado River,Chinook,0,0,3
Eldorado River Escapement,2011,07/16,Eldorado River,Chinook,0,0,3
Eldorado River Escapement,2011,07/17,Eldorado River,Chinook,0,0,3
Eldorado River Escapement,2011,07/18,Eldorado River,Chinook,0,0,3
Eldorado River Escapement,2011,07/19,Eldorado River,Chinook,0,0,3
Eldorado River Escapement,2011,07/20,Eldorado River,Chinook,0,0,3
Eldorado River Escapement,2011,07/21,Eldorado River,Chinook,0,0,3
Eldorado River Escapement,2011,07/22,Eldorado River,Chinook,0,0,3
Eldorado River Escapement,2011,07/23,Eldorado River,Chinook,0,0,3
Eldorado River Escapement,2011,07/24,Eldorado River,Chinook,0,0,3
Eldorado River Escapement,2011,07/25,Eldorado River,Chinook,0,0,3
Eldorado River Escapement,2011,07/26,Eldorado River,Chinook,0,0,3
Eldorado River Escapement,2011,07/27,Eldorado River,Chinook,0,0,3
Eldorado River Escapement,2011,07/28,Eldorado River,Chinook,0,0,3
Eldorado River Escapement,2011,07/29,Eldorado River,Chinook,0,0,3
Eldorado River Escapement,2011,07/30,Eldorado River,Chinook,0,0,3
Eldorado River Escapement,2011,07/31,Eldorado River,Chinook,0,0,3
Eldorado River Escapement,2011,08/01,Eldorado River,Chinook,0,0,3
Eldorado River Escapement,2011,08/02,Eldorado River,Chinook,0,0,3
Eldorado River Escapement,2011,08/03,Eldorado River,Chinook,0,0,3
Eldorado River Escapement,2012,06/29,Eldorado River,Chinook,0,0,0
Eldorado River Escapement,2012,06/30,Eldorado River,Chinook,0,0,0
Eldorado River Escapement,2012,07/01,Eldorado River,Chinook,0,0,0
Eldorado River Escapement,2012,07/02,Eldorado River,Chinook,0,0,0
Eldorado River Escapement,2012,07/03,Eldorado River,Chinook,0,0,0
Eldorado River Escapement,2012,07/04,Eldorado River,Chinook,0,0,0
Eldorado River Escapement,2012,07/05,Eldorado River,Chinook,0,0,0
Eldorado River Escapement,2012,07/06,Eldorado River,Chinook,0,0,0
Eldorado River Escapement,2012,07/07,Eldorado River,Chinook,0,0,0
Eldorado River Escapement,2012,07/08,Eldorado River,Chinook,0,0,0
Eldorado River Escapement,2012,07/09,Eldorado River,Chinook,0,0,0
Eldorado River Escapement,2012,07/10,Eldorado River,Chinook,0,0,0
Eldorado River Escapement,2012,07/11,Eldorado River,Chinook,0,0,0
Eldorado River Escapement,2012,07/12,Eldorado River,Chinook,0,0,0
Eldorado River Escapement,2012,07/13,Eldorado River,Chinook,0,0,0
Eldorado River Escapement,2012,07/14,Eldorado River,Chinook,0,0,0
Eldorado River Escapement,2012,07/15,Eldorado River,Chinook,0,0,0
Eldorado River Escapement,2012,07/16,Eldorado River,Chinook,0,0,0
Eldorado River Escapement,2012,07/17,Eldorado River,Chinook,0,0,0
Eldorado River Escapement,2012,07/18,Eldorado River,Chinook,0,0,0
Eldorado River Escapement,2012,07/19,Eldorado River,Chinook,0,0,0
Eldorado River Escapement,2012,07/20,Eldorado River,Chinook,0,0,0
Eldorado River Escapement,2012,07/21,Eldorado River,Chinook,0,0,0
Eldorado River Escapement,2012,07/22,Eldorado River,Chinook,0,0,0
Eldorado River Escapement,2012,07/23,Eldorado River,Chinook,0,0,0
Eldorado River Escapement,2012,07/24,Eldorado River,Chinook,0,0,0
Eldorado River Escapement,2012,07/25,Eldorado River,Chinook,0,0,0
Eldorado River Escapement,2012,07/26,Eldorado River,Chinook,0,0,0
Eldorado River Escapement,2013,06/29,Eldorado River,Chinook,0,0,0
Eldorado River Escapement,2013,06/30,Eldorado River,Chinook,0,0,0
Eldorado River Escapement,2013,07/01,Eldorado River,Chinook,0,0,0
Eldorado River Escapement,2013,07/02,Eldorado River,Chinook,0,0,0
Eldorado River Escapement,2013,07/03,Eldorado River,Chinook,0,0,0
Eldorado River Escapement,2013,07/04,Eldorado River,Chinook,0,0,0
Eldorado River Escapement,2013,07/05,Eldorado River,Chinook,0,0,0
Eldorado River Escapement,2013,07/06,Eldorado River,Chinook,0,0,0
Eldorado River Escapement,2013,07/07,Eldorado River,Chinook,0,0,0
Eldorado River Escapement,2013,07/08,Eldorado River,Chinook,0,0,0
Eldorado River Escapement,2013,07/09,Eldorado River,Chinook,0,0,0
Eldorado River Escapement,2013,07/10,Eldorado River,Chinook,0,0,0
Eldorado River Escapement,2013,07/11,Eldorado River,Chinook,0,0,0
Eldorado River Escapement,2013,07/12,Eldorado River,Chinook,0,0,0
Eldorado River Escapement,2013,07/13,Eldorado River,Chinook,0,0,0
Eldorado River Escapement,2013,07/14,Eldorado River,Chinook,2,2,2
Eldorado River Escapement,2013,07/15,Eldorado River,Chinook,0,0,2
Eldorado River Escapement,2013,07/16,Eldorado River,Chinook,0,0,2
Eldorado River Escapement,2013,07/17,Eldorado River,Chinook,0,0,2
Eldorado River Escapement,2013,07/18,Eldorado River,Chinook,2,2,4
Eldorado River Escapement,2013,07/19,Eldorado River,Chinook,0,0,4
Eldorado River Escapement,2013,07/20,Eldorado River,Chinook,0,0,4
Eldorado River Escapement,2013,07/21,Eldorado River,Chinook,0,0,4
Eldorado River Escapement,2013,07/22,Eldorado River,Chinook,0,0,4
Eldorado River Escapement,2013,07/23,Eldorado River,Chinook,2,2,6
Eldorado River Escapement,2013,07/24,Eldorado River,Chinook,0,0,6
Eldorado River Escapement,2013,07/25,Eldorado River,Chinook,0,0,6
Eldorado River Escapement,2013,07/26,Eldorado River,Chinook,3,3,9
Eldorado River Escapement,2013,07/27,Eldorado River,Chinook,0,0,9
Eldorado River Escapement,2013,07/28,Eldorado River,Chinook,0,0,9
Eldorado River Escapement,2013,07/29,Eldorado River,Chinook,0,0,9
Eldorado River Escapement,2013,07/30,Eldorado River,Chinook,0,0,9
Eldorado River Escapement,2013,07/31,Eldorado River,Chinook,0,0,9
Eldorado River Escapement,2013,08/01,Eldorado River,Chinook,0,0,9
Eldorado River Escapement,2013,08/02,Eldorado River,Chinook,0,0,9
Eldorado River Escapement,2013,08/03,Eldorado River,Chinook,0,0,9
Eldorado River Escapement,2013,08/04,Eldorado River,Chinook,0,0,9
Eldorado River Escapement,2013,08/05,Eldorado River,Chinook,0,0,9
Eldorado River Escapement,2014,06/23,Eldorado River,Chinook,0,0,0
Eldorado River Escapement,2014,06/24,Eldorado River,Chinook,0,0,0
Eldorado River Escapement,2014,06/25,Eldorado River,Chinook,0,0,0
Eldorado River Escapement,2014,06/26,Eldorado River,Chinook,0,0,0
Eldorado River Escapement,2014,06/27,Eldorado River,Chinook,3,3,3
Eldorado River Escapement,2014,06/28,Eldorado River,Chinook,0,0,3
Eldorado River Escapement,2014,06/29,Eldorado River,Chinook,0,0,3
Eldorado River Escapement,2014,06/30,Eldorado River,Chinook,0,0,3
Eldorado River Escapement,2014,07/01,Eldorado River,Chinook,0,0,3
Eldorado River Escapement,2014,07/02,Eldorado River,Chinook,1,1,4
Eldorado River Escapement,2014,07/03,Eldorado River,Chinook,0,0,4
Eldorado River Escapement,2014,07/04,Eldorado River,Chinook,0,0,4
Eldorado River Escapement,2014,07/05,Eldorado River,Chinook,0,0,4
Eldorado River Escapement,2014,07/06,Eldorado River,Chinook,3,3,7
Eldorado River Escapement,2014,07/07,Eldorado River,Chinook,1,1,8
Eldorado River Escapement,2014,07/08,Eldorado River,Chinook,1,1,9
Eldorado River Escapement,2014,07/09,Eldorado River,Chinook,3,3,12
Eldorado River Escapement,2014,07/10,Eldorado River,Chinook,0,0,12
Eldorado River Escapement,2014,07/11,Eldorado River,Chinook,0,0,12
Eldorado River Escapement,2014,07/12,Eldorado River,Chinook,2,2,14
Eldorado River Escapement,2014,07/13,Eldorado River,Chinook,0,0,14
Eldorado River Escapement,2014,07/14,Eldorado River,Chinook,0,0,14
Eldorado River Escapement,2014,07/15,Eldorado River,Chinook,0,0,14
Eldorado River Escapement,2014,07/16,Eldorado River,Chinook,1,1,15
Eldorado River Escapement,2014,07/17,Eldorado River,Chinook,0,0,15
Eldorado River Escapement,2014,07/18,Eldorado River,Chinook,0,0,15
Eldorado River Escapement,2014,07/19,Eldorado River,Chinook,0,0,15
Eldorado River Escapement,2014,07/20,Eldorado River,Chinook,0,0,15
Eldorado River Escapement,2014,07/21,Eldorado River,Chinook,0,0,15
Eldorado River Escapement,2014,07/22,Eldorado River,Chinook,1,1,16
Eldorado River Escapement,2014,07/23,Eldorado River,Chinook,1,1,17
Eldorado River Escapement,2014,07/24,Eldorado River,Chinook,1,1,18
Eldorado River Escapement,2014,07/25,Eldorado River,Chinook,0,0,18
Eldorado River Escapement,2014,07/26,Eldorado River,Chinook,0,0,18
Eldorado River Escapement,2014,07/27,Eldorado River,Chinook,0,0,18
Eldorado River Escapement,2015,06/22,Eldorado River,Chinook,0,0,0
Eldorado River Escapement,2015,06/23,Eldorado River,Chinook,0,0,0
Eldorado River Escapement,2015,06/24,Eldorado River,Chinook,0,0,0
Eldorado River Escapement,2015,06/25,Eldorado River,Chinook,0,0,0
Eldorado River Escapement,2015,06/26,Eldorado River,Chinook,0,0,0
Eldorado River Escapement,2015,06/27,Eldorado River,Chinook,0,0,0
Eldorado River Escapement,2015,06/28,Eldorado River,Chinook,0,0,0
Eldorado River Escapement,2015,06/29,Eldorado River,Chinook,0,0,0
Eldorado River Escapement,2015,06/30,Eldorado River,Chinook,0,0,0
Eldorado River Escapement,2015,07/01,Eldorado River,Chinook,0,0,0
Eldorado River Escapement,2015,07/02,Eldorado River,Chinook,0,0,0
Eldorado River Escapement,2015,07/03,Eldorado River,Chinook,0,0,0
Eldorado River Escapement,2015,07/04,Eldorado River,Chinook,0,0,0
Eldorado River Escapement,2015,07/05,Eldorado River,Chinook,2,2,2
Eldorado River Escapement,2015,07/06,Eldorado River,Chinook,0,0,2
Eldorado River Escapement,2015,07/07,Eldorado River,Chinook,0,0,2
Eldorado River Escapement,2015,07/08,Eldorado River,Chinook,0,0,2
Eldorado River Escapement,2015,07/09,Eldorado River,Chinook,1,1,3
Eldorado River Escapement,2015,07/10,Eldorado River,Chinook,4,4,7
Eldorado River Escapement,2015,07/11,Eldorado River,Chinook,1,1,8
Eldorado River Escapement,2015,07/12,Eldorado River,Chinook,1,1,9
Eldorado River Escapement,2015,07/13,Eldorado River,Chinook,0,0,9
Eldorado River Escapement,2015,07/14,Eldorado River,Chinook,3,3,12
Eldorado River Escapement,2015,07/15,Eldorado River,Chinook,0,0,12
Eldorado River Escapement,2015,07/16,Eldorado River,Chinook,0,0,12
Eldorado River Escapement,2015,07/17,Eldorado River,Chinook,0,0,12
Eldorado River Escapement,2015,07/18,Eldorado River,Chinook,0,0,12
Eldorado River Escapement,2015,07/19,Eldorado River,Chinook,0,0,12
Eldorado River Escapement,2015,07/20,Eldorado River,Chinook,0,0,12
Eldorado River Escapement,2015,07/21,Eldorado River,Chinook,5,5,17
Eldorado River Escapement,2015,07/22,Eldorado River,Chinook,0,0,17
Eldorado River Escapement,2015,07/23,Eldorado River,Chinook,2,2,19
Eldorado River Escapement,2015,07/24,Eldorado River,Chinook,0,0,19
Eldorado River Escapement,2015,07/25,Eldorado River,Chinook,0,0,19
Eldorado River Escapement,2015,07/26,Eldorado River,Chinook,0,0,19
Eldorado River Escapement,2015,07/27,Eldorado River,Chinook,4,4,23
Eldorado River Escapement,2015,07/28,Eldorado River,Chinook,1,1,24
Eldorado River Escapement,2015,07/29,Eldorado River,Chinook,1,1,25
Eldorado River Escapement,2015,07/30,Eldorado River,Chinook,0,0,25
Eldorado River Escapement,2016,06/25,Eldorado River,Chinook,0,0,0
Eldorado River Escapement,2016,06/26,Eldorado River,Chinook,0,0,0
Eldorado River Escapement,2016,06/27,Eldorado River,Chinook,0,0,0
Eldorado River Escapement,2016,06/28,Eldorado River,Chinook,0,0,0
Eldorado River Escapement,2016,06/29,Eldorado River,Chinook,0,0,0
Eldorado River Escapement,2016,06/30,Eldorado River,Chinook,0,0,0
Eldorado River Escapement,2016,07/01,Eldorado River,Chinook,0,0,0
Eldorado River Escapement,2016,07/02,Eldorado River,Chinook,0,0,0
Eldorado River Escapement,2016,07/03,Eldorado River,Chinook,0,0,0
Eldorado River Escapement,2016,07/04,Eldorado River,Chinook,0,0,0
Eldorado River Escapement,2016,07/05,Eldorado River,Chinook,0,0,0
Eldorado River Escapement,2016,07/06,Eldorado River,Chinook,0,0,0
Eldorado River Escapement,2016,07/07,Eldorado River,Chinook,0,0,0
Eldorado River Escapement,2016,07/08,Eldorado River,Chinook,0,0,0
Eldorado River Escapement,2016,07/09,Eldorado River,Chinook,0,0,0
Eldorado River Escapement,2016,07/10,Eldorado River,Chinook,0,0,0
Eldorado River Escapement,2016,07/11,Eldorado River,Chinook,0,0,0
Eldorado River Escapement,2016,07/12,Eldorado River,Chinook,0,0,0
Eldorado River Escapement,2016,07/13,Eldorado River,Chinook,0,0,0
Eldorado River Escapement,2016,07/14,Eldorado River,Chinook,0,0,0
Eldorado River Escapement,2016,07/15,Eldorado River,Chinook,0,0,0
Eldorado River Escapement,2016,07/16,Eldorado River,Chinook,0,0,0
Eldorado River Escapement,2016,07/17,Eldorado River,Chinook,0,0,0
Eldorado River Escapement,2016,07/18,Eldorado River,Chinook,0,0,0
Eldorado River Escapement,2016,07/19,Eldorado River,Chinook,0,0,0
Eldorado River Escapement,2016,07/20,Eldorado River,Chinook,0,0,0
Eldorado River Escapement,2016,07/21,Eldorado River,Chinook,0,0,0
Eldorado River Escapement,2016,07/22,Eldorado River,Chinook,0,0,0
Eldorado River Escapement,2016,07/23,Eldorado River,Chinook,0,0,0
Eldorado River Escapement,2016,07/24,Eldorado River,Chinook,0,0,0
Eldorado River Escapement,2016,07/25,Eldorado River,Chinook,0,0,0
Eldorado River Escapement,2016,07/26,Eldorado River,Chinook,0,0,0
Eldorado River Escapement,2016,07/27,Eldorado River,Chinook,0,0,0
Eldorado River Escapement,2016,07/28,Eldorado River,Chinook,0,0,0
Eldorado River Escapement,2016,07/29,Eldorado River,Chinook,0,0,0
Eldorado River Escapement,2016,07/30,Eldorado River,Chinook,0,0,0
Eldorado River Escapement,2016,07/31,Eldorado River,Chinook,0,0,0
Eldorado River Escapement,2016,08/01,Eldorado River,Chinook,0,0,0
Eldorado River Escapement,2016,08/02,Eldorado River,Chinook,0,0,0
Eldorado River Escapement,2017,06/22,Eldorado River,Chinook,0,0,0
Eldorado River Escapement,2017,06/23,Eldorado River,Chinook,0,0,0
Eldorado River Escapement,2017,06/24,Eldorado River,Chinook,0,0,0
Eldorado River Escapement,2017,06/25,Eldorado River,Chinook,0,0,0
Eldorado River Escapement,2017,06/26,Eldorado River,Chinook,0,0,0
Eldorado River Escapement,2017,06/27,Eldorado River,Chinook,0,0,0
Eldorado River Escapement,2017,06/28,Eldorado River,Chinook,0,0,0
Eldorado River Escapement,2017,06/29,Eldorado River,Chinook,0,0,0
Eldorado River Escapement,2017,06/30,Eldorado River,Chinook,0,0,0
Eldorado River Escapement,2017,07/01,Eldorado River,Chinook,0,0,0
Eldorado River Escapement,2017,07/02,Eldorado River,Chinook,0,0,0
Eldorado River Escapement,2017,07/03,Eldorado River,Chinook,0,0,0
Eldorado River Escapement,2017,07/04,Eldorado River,Chinook,0,0,0
Eldorado River Escapement,2017,07/05,Eldorado River,Chinook,0,0,0
Eldorado River Escapement,2017,07/06,Eldorado River,Chinook,0,0,0
Eldorado River Escapement,2017,07/07,Eldorado River,Chinook,0,0,0
Eldorado River Escapement,2017,07/08,Eldorado River,Chinook,1,1,1
Eldorado River Escapement,2017,07/09,Eldorado River,Chinook,1,1,2
Eldorado River Escapement,2017,07/10,Eldorado River,Chinook,0,0,2
Eldorado River Escapement,2017,07/11,Eldorado River,Chinook,0,0,2
Eldorado River Escapement,2017,07/12,Eldorado River,Chinook,0,0,2
Eldorado River Escapement,2017,07/13,Eldorado River,Chinook,0,0,2
Eldorado River Escapement,2017,07/14,Eldorado River,Chinook,1,1,3
Eldorado River Escapement,2017,07/15,Eldorado River,Chinook,0,0,3
Eldorado River Escapement,2017,07/16,Eldorado River,Chinook,0,0,3
Eldorado River Escapement,2017,07/17,Eldorado River,Chinook,0,0,3
Eldorado River Escapement,2017,07/18,Eldorado River,Chinook,0,0,3
Eldorado River Escapement,2017,07/19,Eldorado River,Chinook,0,0,3
Eldorado River Escapement,2017,07/20,Eldorado River,Chinook,0,0,3
Eldorado River Escapement,2017,07/21,Eldorado River,Chinook,0,0,3
Eldorado River Escapement,2017,07/22,Eldorado River,Chinook,0,0,3
Eldorado River Escapement,2017,07/23,Eldorado River,Chinook,0,0,3
Eldorado River Escapement,2017,07/24,Eldorado River,Chinook,1,1,4
Eldorado River Escapement,2017,07/25,Eldorado River,Chinook,0,0,4
Eldorado River Escapement,2017,07/26,Eldorado River,Chinook,0,0,4
Eldorado River Escapement,2017,07/27,Eldorado River,Chinook,0,0,4
Eldorado River Escapement,2017,07/28,Eldorado River,Chinook,0,0,4
Eldorado River Escapement,2017,07/29,Eldorado River,Chinook,2,2,6
Eldorado River Escapement,2017,07/30,Eldorado River,Chinook,0,0,6
Eldorado River Escapement,2017,07/31,Eldorado River,Chinook,0,0,6
Eldorado River Escapement,2018,06/28,Eldorado River,Chinook,1,1,1
Eldorado River Escapement,2018,06/29,Eldorado River,Chinook,0,0,1
Eldorado River Escapement,2018,06/30,Eldorado River,Chinook,0,0,1
Eldorado River Escapement,2018,07/01,Eldorado River,Chinook,1,1,2
Eldorado River Escapement,2018,07/02,Eldorado River,Chinook,0,0,2
Eldorado River Escapement,2018,07/03,Eldorado River,Chinook,0,0,2
Eldorado River Escapement,2018,07/04,Eldorado River,Chinook,1,1,3
Eldorado River Escapement,2018,07/05,Eldorado River,Chinook,1,1,4
Eldorado River Escapement,2018,07/06,Eldorado River,Chinook,3,3,7
Eldorado River Escapement,2018,07/07,Eldorado River,Chinook,1,1,8
Eldorado River Escapement,2018,07/08,Eldorado River,Chinook,2,2,10
Eldorado River Escapement,2018,07/09,Eldorado River,Chinook,2,2,12
Eldorado River Escapement,2018,07/10,Eldorado River,Chinook,5,5,17
Eldorado River Escapement,2018,07/11,Eldorado River,Chinook,1,1,18
Eldorado River Escapement,2018,07/12,Eldorado River,Chinook,3,3,21
Eldorado River Escapement,2018,07/13,Eldorado River,Chinook,1,1,22
Eldorado River Escapement,2018,07/14,Eldorado River,Chinook,2,2,24
Eldorado River Escapement,2018,07/15,Eldorado River,Chinook,1,1,25
Eldorado River Escapement,2018,07/16,Eldorado River,Chinook,1,1,26
Eldorado River Escapement,2018,07/17,Eldorado River,Chinook,1,1,27
Eldorado River Escapement,2018,07/18,Eldorado River,Chinook,0,0,27
Eldorado River Escapement,2018,07/19,Eldorado River,Chinook,1,1,28
Eldorado River Escapement,2018,07/20,Eldorado River,Chinook,0,0,28
Eldorado River Escapement,2018,07/21,Eldorado River,Chinook,0,0,28
Eldorado River Escapement,2018,07/22,Eldorado River,Chinook,0,0,28
Eldorado River Escapement,2018,07/23,Eldorado River,Chinook,1,1,29
Eldorado River Escapement,2018,07/24,Eldorado River,Chinook,0,0,29
Eldorado River Escapement,2018,07/25,Eldorado River,Chinook,0,0,29
Eldorado River Escapement,2018,07/26,Eldorado River,Chinook,1,1,30
Eldorado River Escapement,2018,07/27,Eldorado River,Chinook,0,0,30
Eldorado River Escapement,2018,07/28,Eldorado River,Chinook,0,0,30
Eldorado River Escapement,2018,07/29,Eldorado River,Chinook,1,1,31
Eldorado River Escapement,2018,07/30,Eldorado River,Chinook,0,0,31
Eldorado River Escapement,2018,07/31,Eldorado River,Chinook,0,0,31
Eldorado River Escapement,2019,07/10,Eldorado River,Chinook,0,0,0
Eldorado River Escapement,2019,07/11,Eldorado River,Chinook,0,0,0
Eldorado River Escapement,2019,07/12,Eldorado River,Chinook,0,0,0
Eldorado River Escapement,2019,07/13,Eldorado River,Chinook,2,2,2
Eldorado River Escapement,2019,07/14,Eldorado River,Chinook,1,1,3
Eldorado River Escapement,2019,07/15,Eldorado River,Chinook,1,1,4
Eldorado River Escapement,2019,07/16,Eldorado River,Chinook,1,1,5
Eldorado River Escapement,2019,07/17,Eldorado River,Chinook,1,1,6
Eldorado River Escapement,2019,07/18,Eldorado River,Chinook,0,0,6
Eldorado River Escapement,2019,07/19,Eldorado River,Chinook,2,2,8
Eldorado River Escapement,2019,07/20,Eldorado River,Chinook,1,1,9
Eldorado River Escapement,2019,07/21,Eldorado River,Chinook,0,0,9
Eldorado River Escapement,2019,07/22,Eldorado River,Chinook,3,3,12
Eldorado River Escapement,2019,07/23,Eldorado River,Chinook,0,0,12
Eldorado River Escapement,2019,07/24,Eldorado River,Chinook,1,1,13
Eldorado River Escapement,2019,07/25,Eldorado River,Chinook,0,0,13
Eldorado River Escapement,2019,07/26,Eldorado River,Chinook,0,0,13
Eldorado River Escapement,2019,07/27,Eldorado River,Chinook,1,1,14
Eldorado River Escapement,2019,07/28,Eldorado River,Chinook,1,1,15
Eldorado River Escapement,2019,07/29,Eldorado River,Chinook,0,0,15
Eldorado River Escapement,2020,06/26,Eldorado River,Chinook,0,0,0
Eldorado River Escapement,2020,06/27,Eldorado River,Chinook,0,0,0
Eldorado River Escapement,2020,06/28,Eldorado River,Chinook,0,0,0
Eldorado River Escapement,2020,06/29,Eldorado River,Chinook,0,0,0
Eldorado River Escapement,2020,06/30,Eldorado River,Chinook,0,0,0
Eldorado River Escapement,2020,07/01,Eldorado River,Chinook,0,0,0
Eldorado River Escapement,2020,07/02,Eldorado River,Chinook,0,0,0
Eldorado River Escapement,2020,07/03,Eldorado River,Chinook,0,0,0
Eldorado River Escapement,2020,07/04,Eldorado River,Chinook,0,0,0
Eldorado River Escapement,2020,07/05,Eldorado River,Chinook,0,0,0
Eldorado River Escapement,2020,07/06,Eldorado River,Chinook,0,0,0
Eldorado River Escapement,2020,07/07,Eldorado River,Chinook,3,3,3
Eldorado River Escapement,2020,07/08,Eldorado River,Chinook,0,0,3
Eldorado River Escapement,2020,07/09,Eldorado River,Chinook,0,0,3
Eldorado River Escapement,2020,07/10,Eldorado River,Chinook,2,2,5
Eldorado River Escapement,2020,07/11,Eldorado River,Chinook,2,2,7
Eldorado River Escapement,2020,07/12,Eldorado River,Chinook,0,0,7
Eldorado River Escapement,2020,07/13,Eldorado River,Chinook,2,2,9
Eldorado River Escapement,2020,07/14,Eldorado River,Chinook,0,0,9
Eldorado River Escapement,2020,07/15,Eldorado River,Chinook,0,0,9
Eldorado River Escapement,2020,07/16,Eldorado River,Chinook,4,4,13
Eldorado River Escapement,2020,07/17,Eldorado River,Chinook,0,0,13
Eldorado River Escapement,2020,07/18,Eldorado River,Chinook,4,4,17
Eldorado River Escapement,2020,07/19,Eldorado River,Chinook,1,1,18
Eldorado River Escapement,2020,07/20,Eldorado River,Chinook,1,1,19
Eldorado River Escapement,2020,07/21,Eldorado River,Chinook,0,0,19
Eldorado River Escapement,2020,07/22,Eldorado River,Chinook,0,0,19
Eldorado River Escapement,2020,07/23,Eldorado River,Chinook,1,1,20
Eldorado River Escapement,2020,07/24,Eldorado River,Chinook,0,0,20
Eldorado River Escapement,2020,07/25,Eldorado River,Chinook,0,0,20
Eldorado River Escapement,2020,07/26,Eldorado River,Chinook,1,1,21
Eldorado River Escapement,2020,07/27,Eldorado River,Chinook,0,0,21
Eldorado River Escapement,2020,07/28,Eldorado River,Chinook,0,0,21
Eldorado River Escapement,2020,07/29,Eldorado River,Chinook,0,0,21
Eldorado River Escapement,2020,07/30,Eldorado River,Chinook,0,0,21
Eldorado River Escapement,2020,07/31,Eldorado River,Chinook,0,0,21
Eldorado River Escapement,2020,08/01,Eldorado River,Chinook,0,0,21
Eldorado River Escapement,2021,06/29,Eldorado River,Chinook,0,0,0
Eldorado River Escapement,2021,06/30,Eldorado River,Chinook,0,0,0
Eldorado River Escapement,2021,07/01,Eldorado River,Chinook,0,0,0
Eldorado River Escapement,2021,07/02,Eldorado River,Chinook,0,0,0
Eldorado River Escapement,2021,07/03,Eldorado River,Chinook,0,0,0
Eldorado River Escapement,2021,07/04,Eldorado River,Chinook,0,0,0
Eldorado River Escapement,2021,07/05,Eldorado River,Chinook,0,0,0
Eldorado River Escapement,2021,07/06,Eldorado River,Chinook,0,0,0
Eldorado River Escapement,2021,07/07,Eldorado River,Chinook,0,0,0
Eldorado River Escapement,2021,07/08,Eldorado River,Chinook,0,0,0
Eldorado River Escapement,2021,07/09,Eldorado River,Chinook,1,1,1
Eldorado River Escapement,2021,07/10,Eldorado River,Chinook,1,1,2
Eldorado River Escapement,2021,07/11,Eldorado River,Chinook,0,0,2
Eldorado River Escapement,2021,07/12,Eldorado River,Chinook,0,0,2
Eldorado River Escapement,2021,07/13,Eldorado River,Chinook,0,0,2
Eldorado River Escapement,2021,07/14,Eldorado River,Chinook,2,2,4
Eldorado River Escapement,2021,07/15,Eldorado River,Chinook,0,0,4
Eldorado River Escapement,2021,07/16,Eldorado River,Chinook,0,0,4
Eldorado River Escapement,2021,07/17,Eldorado River,Chinook,1,1,5
Eldorado River Escapement,2021,07/18,Eldorado River,Chinook,5,5,10
Eldorado River Escapement,2021,07/19,Eldorado River,Chinook,2,2,12
Eldorado River Escapement,2021,07/20,Eldorado River,Chinook,1,1,13
Eldorado River Escapement,2021,07/21,Eldorado River,Chinook,1,1,14
Eldorado River Escapement,2021,07/22,Eldorado River,Chinook,0,0,14
Eldorado River Escapement,2021,07/23,Eldorado River,Chinook,1,1,15
Eldorado River Escapement,2021,07/24,Eldorado River,Chinook,0,0,15
Eldorado River Escapement,2021,07/25,Eldorado River,Chinook,0,0,15
Eldorado River Escapement,2021,07/26,Eldorado River,Chinook,0,0,15
Eldorado River Escapement,2021,07/27,Eldorado River,Chinook,0,0,15
Eldorado River Escapement,2022,06/28,Eldorado River,Chinook,0,0,0
Eldorado River Escapement,2022,06/29,Eldorado River,Chinook,0,0,0
Eldorado River Escapement,2022,06/30,Eldorado River,Chinook,0,0,0
Eldorado River Escapement,2022,07/01,Eldorado River,Chinook,0,0,0
Eldorado River Escapement,2022,07/02,Eldorado River,Chinook,0,0,0
Eldorado River Escapement,2022,07/03,Eldorado River,Chinook,0,0,0
Eldorado River Escapement,2022,07/04,Eldorado River,Chinook,0,0,0
Eldorado River Escapement,2022,07/05,Eldorado River,Chinook,1,1,1
Eldorado River Escapement,2022,07/06,Eldorado River,Chinook,0,0,1
Eldorado River Escapement,2022,07/07,Eldorado River,Chinook,0,0,1
Eldorado River Escapement,2022,07/08,Eldorado River,Chinook,0,0,1
Eldorado River Escapement,2022,07/09,Eldorado River,Chinook,0,0,1
Eldorado River Escapement,2022,07/10,Eldorado River,Chinook,0,0,1
Eldorado River Escapement,2022,07/11,Eldorado River,Chinook,0,0,1
Eldorado River Escapement,2022,07/12,Eldorado River,Chinook,0,0,1
Eldorado River Escapement,2022,07/13,Eldorado River,Chinook,1,1,2
Eldorado River Escapement,2022,07/14,Eldorado River,Chinook,0,0,2
Eldorado River Escapement,2022,07/15,Eldorado River,Chinook,0,0,2
Eldorado River Escapement,2022,07/16,Eldorado River,Chinook,0,0,2
Eldorado River Escapement,2022,07/17,Eldorado River,Chinook,1,1,3
Eldorado River Escapement,2022,07/18,Eldorado River,Chinook,0,0,3
Eldorado River Escapement,2022,07/19,Eldorado River,Chinook,0,0,3
Eldorado River Escapement,2022,07/20,Eldorado River,Chinook,0,0,3
Eldorado River Escapement,2022,07/21,Eldorado River,Chinook,0,0,3
Eldorado River Escapement,2022,07/22,Eldorado River,Chinook,1,1,4
Eldorado River Escapement,2022,07/23,Eldorado River,Chinook,0,0,4
Eldorado River Escapement,2022,07/24,Eldorado River,Chinook,1,1,5
Eldorado River Escapement,2022,07/25,Eldorado River,Chinook,0,0,5
Eldorado River Escapement,2023,06/30,Eldorado River,Chinook,0,0,0
Eldorado River Escapement,2023,07/01,Eldorado River,Chinook,0,0,0
Eldorado River Escapement,2023,07/02,Eldorado River,Chinook,0,0,0
Eldorado River Escapement,2023,07/03,Eldorado River,Chinook,0,0,0
Eldorado River Escapement,2023,07/04,Eldorado River,Chinook,0,0,0
Eldorado River Escapement,2023,07/05,Eldorado River,Chinook,0,0,0
Eldorado River Escapement,2023,07/06,Eldorado River,Chinook,0,0,0
Eldorado River Escapement,2023,07/07,Eldorado River,Chinook,1,1,1
Eldorado River Escapement,2023,07/08,Eldorado River,Chinook,0,0,1
Eldorado River Escapement,2023,07/09,Eldorado River,Chinook,1,1,2
Eldorado River Escapement,2023,07/10,Eldorado River,Chinook,0,0,2
Eldorado River Escapement,2023,07/11,Eldorado River,Chinook,0,0,2
Eldorado River Escapement,2023,07/12,Eldorado River,Chinook,0,0,2
Eldorado River Escapement,2023,07/13,Eldorado River,Chinook,3,3,5
Eldorado River Escapement,2023,07/14,Eldorado River,Chinook,0,0,5
Eldorado River Escapement,2023,07/15,Eldorado River,Chinook,2,2,7
Eldorado River Escapement,2023,07/16,Eldorado River,Chinook,0,0,7
Eldorado River Escapement,2023,07/17,Eldorado River,Chinook,1,1,8
Eldorado River Escapement,2023,07/18,Eldorado River,Chinook,0,0,8
Eldorado River Escapement,2023,07/19,Eldorado River,Chinook,0,0,8
Eldorado River Escapement,2023,07/20,Eldorado River,Chinook,0,0,8
Eldorado River Escapement,2023,07/22,Eldorado River,Chinook,0,0,8
Eldorado River Escapement,2023,07/23,Eldorado River,Chinook,0,0,8
Eldorado River Escapement,2023,07/24,Eldorado River,Chinook,0,0,8
Eldorado River Escapement,2023,07/25,Eldorado River,Chinook,0,0,8
Eldorado River Escapement,2023,07/26,Eldorado River,Chinook,0,0,8
Eldorado River Escapement,2024,06/27,Eldorado River,Chinook,0,0,0
Eldorado River Escapement,2024,06/28,Eldorado River,Chinook,0,0,0
Eldorado River Escapement,2024,06/29,Eldorado River,Chinook,0,0,0
Eldorado River Escapement,2024,06/30,Eldorado River,Chinook,0,0,0
Eldorado River Escapement,2024,07/01,Eldorado River,Chinook,0,0,0
Eldorado River Escapement,2024,07/02,Eldorado River,Chinook,0,0,0
Eldorado River Escapement,2024,07/03,Eldorado River,Chinook,0,0,0
Eldorado River Escapement,2024,07/05,Eldorado River,Chinook,0,0,0
Eldorado River Escapement,2024,07/06,Eldorado River,Chinook,0,0,0
Eldorado River Escapement,2024,07/07,Eldorado River,Chinook,0,0,0
Eldorado River Escapement,2024,07/08,Eldorado River,Chinook,0,0,0
Eldorado River Escapement,2024,07/09,Eldorado River,Chinook,0,0,0
Eldorado River Escapement,2024,07/10,Eldorado River,Chinook,0,0,0
Eldorado River Escapement,2024,07/11,Eldorado River,Chinook,1,1,1
Eldorado River Escapement,2024,07/12,Eldorado River,Chinook,0,0,1
Eldorado River Escapement,2024,07/13,Eldorado River,Chinook,0,0,1
Eldorado River Escapement,2024,07/15,Eldorado River,Chinook,0,0,1
Eldorado River Escapement,2024,07/16,Eldorado River,Chinook,2,2,3
Eldorado River Escapement,2024,07/17,Eldorado River,Chinook,1,1,4
Eldorado River Escapement,2024,07/18,Eldorado River,Chinook,1,1,5
Eldorado River Escapement,2024,07/19,Eldorado River,Chinook,0,0,5
Eldorado River Escapement,2024,07/20,Eldorado River,Chinook,0,0,5
Eldorado River Escapement,2024,07/21,Eldorado River,Chinook,0,0,5
Eldorado River Escapement,2024,07/22,Eldorado River,Chinook,0,0,5
Eldorado River Escapement,2024,07/23,Eldorado River,Chinook,0,0,5
Eldorado River Escapement,2024,07/24,Eldorado River,Chinook,0,0,5
Eldorado River Escapement,2024,07/25,Eldorado River,Chinook,0,0,5
Eldorado River Escapement,2024,07/26,Eldorado River,Chinook,0,0,5
Eldorado River Escapement,2024,07/27,Eldorado River,Chinook,0,0,5
Eldorado River Escapement,2024,07/28,Eldorado River,Chinook,0,0,5
Eldorado River Escapement,2024,07/29,Eldorado River,Chinook,1,1,6
Eldorado River Escapement,2024,07/30,Eldorado River,Chinook,0,0,6
Eldorado River Escapement,2024,07/31,Eldorado River,Chinook,0,0,6
Eldorado River Escapement,2025,06/24,Eldorado River,Chinook,0,0,0
Eldorado River Escapement,2025,06/25,Eldorado River,Chinook,0,0,0
Eldorado River Escapement,2025,06/26,Eldorado River,Chinook,0,0,0
Eldorado River Escapement,2025,06/27,Eldorado River,Chinook,0,0,0
Eldorado River Escapement,2025,06/28,Eldorado River,Chinook,0,0,0
Eldorado River Escapement,2025,06/29,Eldorado River,Chinook,0,0,0
Eldorado River Escapement,2025,06/30,Eldorado River,Chinook,0,0,0
Eldorado River Escapement,2025,07/01,Eldorado River,Chinook,0,0,0
Eldorado River Escapement,2025,07/02,Eldorado River,Chinook,0,0,0
Eldorado River Escapement,2025,07/03,Eldorado River,Chinook,0,0,0
Eldorado River Escapement,2025,07/04,Eldorado River,Chinook,0,0,0
Eldorado River Escapement,2025,07/05,Eldorado River,Chinook,0,0,0
Eldorado River Escapement,2025,07/06,Eldorado River,Chinook,0,0,0
Eldorado River Escapement,2025,07/07,Eldorado River,Chinook,0,0,0
Eldorado River Escapement,2025,07/08,Eldorado River,Chinook,0,0,0
Eldorado River Escapement,2025,07/09,Eldorado River,Chinook,0,0,0
Eldorado River Escapement,2025,07/10,Eldorado River,Chinook,0,0,0
Eldorado River Escapement,2025,07/11,Eldorado River,Chinook,0,0,0
Eldorado River Escapement,2025,07/12,Eldorado River,Chinook,0,0,0
Eldorado River Escapement,2025,07/13,Eldorado River,Chinook,0,0,0
Eldorado River Escapement,2025,07/14,Eldorado River,Chinook,0,0,0
Eldorado River Escapement,2025,07/15,Eldorado River,Chinook,0,0,0
Eldorado River Escapement,2025,07/16,Eldorado River,Chinook,0,0,0
Eldorado River Escapement,2025,07/17,Eldorado River,Chinook,0,0,0
Eldorado River Escapement,2025,07/18,Eldorado River,Chinook,0,0,0
Eldorado River Escapement,2025,07/19,Eldorado River,Chinook,0,0,0
Eldorado River Escapement,2025,07/20,Eldorado River,Chinook,0,0,0
Eldorado River Escapement,2025,07/21,Eldorado River,Chinook,0,0,0
Eldorado River Escapement,2025,07/22,Eldorado River,Chinook,0,0,0
Eldorado River Escapement,2025,07/23,Eldorado River,Chinook,0,0,0
Eldorado River Escapement,2025,07/24,Eldorado River,Chinook,0,0,0
Eldorado River Escapement,2025,07/25,Eldorado River,Chinook,0,0,0
Eldorado River Escapement,2025,07/26,Eldorado River,Chinook,0,0,0
Eldorado River Escapement,2025,07/27,Eldorado River,Chinook,0,0,0
Eldorado River Escapement,2025,07/28,Eldorado River,Chinook,0,0,0
Eldorado River Escapement,2025,07/29,Eldorado River,Chinook,0,0,0
Eldorado River Escapement,2025,07/30,Eldorado River,Chinook,0,0,0
Eldorado River Escapement,2025,07/31,Eldorado River,Chinook,0,0,0
Eldorado River Escapement,2025,08/01,Eldorado River,Chinook,2,2,2
Eldorado River Escapement,2025,08/02,Eldorado River,Chinook,0,0,2
Eldorado River Escapement,2025,08/03,Eldorado River,Chinook,0,0,2
Eldorado River Escapement,2025,08/04,Eldorado River,Chinook,3,3,5
Eldorado River Escapement,2025,08/05,Eldorado River,Chinook,0,0,5
Eldorado River Escapement,2025,08/06,Eldorado River,Chinook,4,4,9
Eldorado River Escapement,2025,08/07,Eldorado River,Chinook,0,0,9
Eldorado River Escapement,2025,08/08,Eldorado River,Chinook,0,0,9
Eldorado River Escapement,2025,08/09,Eldorado River,Chinook,0,0,9
Eldorado River Escapement,2025,08/10,Eldorado River,Chinook,0,0,9
Eldorado River Escapement,2025,08/11,Eldorado River,Chinook,0,0,9
Eldorado River Escapement,2025,08/12,Eldorado River,Chinook,0,0,9
